id_madrasah,kelas,rumpun_pai,rata_nilai,persen_tuntas,n_siswa
MDR00001,1,Akidah-Akhlak,80.5,97.4,24
MDR00001,1,Fikih,79.2,100,23
MDR00001,1,SKI,75.9,98.3,22
MDR00001,1,Quran-Hadis,79.5,97.0,25
MDR00001,1,Bahasa Arab,76.0,92.5,28
MDR00001,2,Akidah-Akhlak,74.6,89.0,22
MDR00001,2,Fikih,78.0,98.3,28
MDR00001,2,SKI,71.2,85.7,28
MDR00001,2,Quran-Hadis,76.0,94.4,23
MDR00001,2,Bahasa Arab,71.0,72.4,22
MDR00001,3,Akidah-Akhlak,74.6,87.2,23
MDR00001,3,Fikih,70.6,71.0,25
MDR00001,3,SKI,72.0,71.7,22
MDR00001,3,Quran-Hadis,74.7,89.9,24
MDR00001,3,Bahasa Arab,78.9,90.7,29
MDR00001,4,Akidah-Akhlak,77.1,90.3,28
MDR00001,4,Fikih,78.8,91.6,22
MDR00001,4,SKI,76.0,91.2,28
MDR00001,4,Quran-Hadis,82.2,99.8,25
MDR00001,4,Bahasa Arab,75.7,88.8,22
MDR00001,5,Akidah-Akhlak,78.5,94.0,29
MDR00001,5,Fikih,71.9,78.2,27
MDR00001,5,SKI,74.0,83.3,24
MDR00001,5,Quran-Hadis,75.5,90.5,27
MDR00001,5,Bahasa Arab,78.5,100,24
MDR00001,6,Akidah-Akhlak,80.9,100,22
MDR00001,6,Fikih,75.2,90.9,21
MDR00001,6,SKI,77.4,90.0,26
MDR00001,6,Quran-Hadis,75.1,86.6,22
MDR00001,6,Bahasa Arab,74.0,79.2,25
MDR00002,1,Akidah-Akhlak,81.2,100,48
MDR00002,1,Fikih,79.2,95.5,44
MDR00002,1,SKI,79.8,100,48
MDR00002,1,Quran-Hadis,83.3,95.0,46
MDR00002,1,Bahasa Arab,79.1,99.1,54
MDR00002,2,Akidah-Akhlak,81.2,98.0,45
MDR00002,2,Fikih,78.4,95.0,43
MDR00002,2,SKI,79.7,100,45
MDR00002,2,Quran-Hadis,79.5,100,49
MDR00002,2,Bahasa Arab,78.7,90.6,50
MDR00002,3,Akidah-Akhlak,84.8,100,44
MDR00002,3,Fikih,82.0,96.1,53
MDR00002,3,SKI,79.9,100,50
MDR00002,3,Quran-Hadis,75.3,83.0,54
MDR00002,3,Bahasa Arab,80.1,100,51
MDR00002,4,Akidah-Akhlak,77.9,94.7,55
MDR00002,4,Fikih,76.4,90.6,45
MDR00002,4,SKI,77.4,100,53
MDR00002,4,Quran-Hadis,81.0,98.9,56
MDR00002,4,Bahasa Arab,79.3,100,51
MDR00002,5,Akidah-Akhlak,79.8,99.0,51
MDR00002,5,Fikih,80.0,100,44
MDR00002,5,SKI,75.3,90.1,44
MDR00002,5,Quran-Hadis,79.0,100,47
MDR00002,5,Bahasa Arab,74.1,86.8,51
MDR00002,6,Akidah-Akhlak,78.3,90.9,53
MDR00002,6,Fikih,77.5,93.3,53
MDR00002,6,SKI,77.4,100,49
MDR00002,6,Quran-Hadis,81.8,100,55
MDR00002,6,Bahasa Arab,74.0,92.1,45
MDR00003,10,Akidah-Akhlak,73.9,84.5,47
MDR00003,10,Fikih,74.9,94.1,47
MDR00003,10,SKI,78.0,88.0,57
MDR00003,10,Quran-Hadis,70.1,72.8,53
MDR00003,10,Bahasa Arab,73.1,82.9,52
MDR00003,11,Akidah-Akhlak,72.8,80.8,45
MDR00003,11,Fikih,72.8,78.3,47
MDR00003,11,SKI,72.0,72.7,47
MDR00003,11,Quran-Hadis,76.7,94.9,43
MDR00003,11,Bahasa Arab,75.2,88.7,45
MDR00003,12,Akidah-Akhlak,77.1,100,46
MDR00003,12,Fikih,73.3,84.1,52
MDR00003,12,SKI,73.3,90.8,53
MDR00003,12,Quran-Hadis,73.6,88.1,51
MDR00003,12,Bahasa Arab,73.0,86.1,49
MDR00004,7,Akidah-Akhlak,70.4,69.0,94
MDR00004,7,Fikih,71.1,77.9,100
MDR00004,7,SKI,77.2,93.6,102
MDR00004,7,Quran-Hadis,73.2,76.6,80
MDR00004,7,Bahasa Arab,73.8,73.8,95
MDR00004,8,Akidah-Akhlak,74.4,89.1,85
MDR00004,8,Fikih,74.1,83.4,96
MDR00004,8,SKI,68.3,69.0,90
MDR00004,8,Quran-Hadis,70.1,80.1,87
MDR00004,8,Bahasa Arab,67.5,71.6,81
MDR00004,9,Akidah-Akhlak,68.8,68.5,89
MDR00004,9,Fikih,71.4,72.9,101
MDR00004,9,SKI,70.0,89.3,97
MDR00004,9,Quran-Hadis,73.2,81.4,97
MDR00004,9,Bahasa Arab,74.9,83.0,94
MDR00005,1,Akidah-Akhlak,68.7,70.2,41
MDR00005,1,Fikih,70.4,75.0,34
MDR00005,1,SKI,65.7,61.4,36
MDR00005,1,Quran-Hadis,71.0,83.6,43
MDR00005,1,Bahasa Arab,69.2,73.3,42
MDR00005,2,Akidah-Akhlak,69.4,76.6,36
MDR00005,2,Fikih,74.3,85.7,35
MDR00005,2,SKI,73.7,87.9,45
MDR00005,2,Quran-Hadis,76.0,88.7,38
MDR00005,2,Bahasa Arab,72.6,84.2,44
MDR00005,3,Akidah-Akhlak,74.5,92.3,41
MDR00005,3,Fikih,70.2,77.5,43
MDR00005,3,SKI,69.6,74.1,42
MDR00005,3,Quran-Hadis,71.1,81.9,44
MDR00005,3,Bahasa Arab,71.2,72.9,34
MDR00005,4,Akidah-Akhlak,71.8,75.9,43
MDR00005,4,Fikih,69.7,74.6,44
MDR00005,4,SKI,70.8,77.4,38
MDR00005,4,Quran-Hadis,68.2,77.6,44
MDR00005,4,Bahasa Arab,72.1,73.1,44
MDR00005,5,Akidah-Akhlak,72.7,83.6,37
MDR00005,5,Fikih,74.6,90.2,38
MDR00005,5,SKI,67.6,63.9,38
MDR00005,5,Quran-Hadis,75.0,84.4,43
MDR00005,5,Bahasa Arab,65.1,66.3,34
MDR00005,6,Akidah-Akhlak,74.3,88.2,43
MDR00005,6,Fikih,70.2,71.6,41
MDR00005,6,SKI,70.3,73.5,37
MDR00005,6,Quran-Hadis,69.8,77.3,35
MDR00005,6,Bahasa Arab,66.1,66.7,41
MDR00006,7,Akidah-Akhlak,65.5,66.8,83
MDR00006,7,Fikih,57.9,36.8,101
MDR00006,7,SKI,63.1,59.6,98
MDR00006,7,Quran-Hadis,61.0,55.4,94
MDR00006,7,Bahasa Arab,61.1,52.3,106
MDR00006,8,Akidah-Akhlak,65.8,61.2,96
MDR00006,8,Fikih,56.6,37.4,88
MDR00006,8,SKI,57.5,50.8,104
MDR00006,8,Quran-Hadis,56.8,41.9,95
MDR00006,8,Bahasa Arab,62.4,58.0,88
MDR00006,9,Akidah-Akhlak,61.8,45.9,101
MDR00006,9,Fikih,64.1,56.1,99
MDR00006,9,SKI,54.4,42.1,91
MDR00006,9,Quran-Hadis,64.9,61.7,88
MDR00006,9,Bahasa Arab,58.4,40.7,85
MDR00007,1,Akidah-Akhlak,79.1,90.4,37
MDR00007,1,Fikih,76.8,96.7,43
MDR00007,1,SKI,76.7,98.4,44
MDR00007,1,Quran-Hadis,73.2,73.4,39
MDR00007,1,Bahasa Arab,77.6,92.1,35
MDR00007,2,Akidah-Akhlak,78.6,96.4,44
MDR00007,2,Fikih,71.4,74.9,37
MDR00007,2,SKI,75.6,89.2,44
MDR00007,2,Quran-Hadis,74.1,75.7,45
MDR00007,2,Bahasa Arab,75.2,85.3,42
MDR00007,3,Akidah-Akhlak,77.4,86.6,43
MDR00007,3,Fikih,75.3,90.2,34
MDR00007,3,SKI,78.6,88.3,39
MDR00007,3,Quran-Hadis,78.5,100,44
MDR00007,3,Bahasa Arab,71.8,75.5,40
MDR00007,4,Akidah-Akhlak,76.7,96.6,46
MDR00007,4,Fikih,78.8,100,39
MDR00007,4,SKI,77.1,89.2,42
MDR00007,4,Quran-Hadis,78.4,100,40
MDR00007,4,Bahasa Arab,71.4,82.4,34
MDR00007,5,Akidah-Akhlak,79.0,100,41
MDR00007,5,Fikih,81.5,100,38
MDR00007,5,SKI,69.9,78.8,43
MDR00007,5,Quran-Hadis,74.3,90.3,40
MDR00007,5,Bahasa Arab,70.1,79.4,34
MDR00007,6,Akidah-Akhlak,77.8,92.1,39
MDR00007,6,Fikih,69.7,68.9,36
MDR00007,6,SKI,76.4,89.1,44
MDR00007,6,Quran-Hadis,75.6,98.9,42
MDR00007,6,Bahasa Arab,76.8,95.0,41
MDR00008,10,Akidah-Akhlak,68.3,70.9,61
MDR00008,10,Fikih,68.8,75.2,65
MDR00008,10,SKI,64.1,70.4,75
MDR00008,10,Quran-Hadis,68.9,73.3,66
MDR00008,10,Bahasa Arab,64.3,57.5,75
MDR00008,11,Akidah-Akhlak,72.1,80.6,60
MDR00008,11,Fikih,65.6,62.9,70
MDR00008,11,SKI,66.8,68.8,70
MDR00008,11,Quran-Hadis,73.2,87.8,76
MDR00008,11,Bahasa Arab,63.6,66.1,63
MDR00008,12,Akidah-Akhlak,70.0,73.8,71
MDR00008,12,Fikih,69.4,81.8,61
MDR00008,12,SKI,64.9,57.3,76
MDR00008,12,Quran-Hadis,62.2,50.5,68
MDR00008,12,Bahasa Arab,63.1,56.9,72
MDR00009,1,Akidah-Akhlak,76.7,96.4,20
MDR00009,1,Fikih,78.1,97.9,24
MDR00009,1,SKI,75.8,85.9,20
MDR00009,1,Quran-Hadis,70.5,72.9,24
MDR00009,1,Bahasa Arab,76.9,91.6,24
MDR00009,2,Akidah-Akhlak,78.0,90.4,21
MDR00009,2,Fikih,80.7,100,23
MDR00009,2,SKI,74.5,90.4,22
MDR00009,2,Quran-Hadis,73.9,78.9,21
MDR00009,2,Bahasa Arab,74.4,80.5,22
MDR00009,3,Akidah-Akhlak,72.5,81.7,25
MDR00009,3,Fikih,83.6,100,24
MDR00009,3,SKI,74.1,83.0,22
MDR00009,3,Quran-Hadis,78.9,96.9,25
MDR00009,3,Bahasa Arab,77.4,95.7,21
MDR00009,4,Akidah-Akhlak,81.4,100,25
MDR00009,4,Fikih,78.6,98.3,25
MDR00009,4,SKI,79.9,95.1,25
MDR00009,4,Quran-Hadis,77.7,88.5,25
MDR00009,4,Bahasa Arab,72.6,88.1,22
MDR00009,5,Akidah-Akhlak,77.6,100,20
MDR00009,5,Fikih,77.9,96.5,23
MDR00009,5,SKI,79.7,91.1,21
MDR00009,5,Quran-Hadis,79.3,100,19
MDR00009,5,Bahasa Arab,75.2,86.1,25
MDR00009,6,Akidah-Akhlak,80.4,100,24
MDR00009,6,Fikih,74.5,84.8,24
MDR00009,6,SKI,75.1,83.0,20
MDR00009,6,Quran-Hadis,80.9,100,20
MDR00009,6,Bahasa Arab,78.7,96.0,19
MDR00010,1,Akidah-Akhlak,64.9,73.5,24
MDR00010,1,Fikih,67.5,67.4,28
MDR00010,1,SKI,62.9,58.4,24
MDR00010,1,Quran-Hadis,62.5,52.0,25
MDR00010,1,Bahasa Arab,64.0,68.2,24
MDR00010,2,Akidah-Akhlak,64.6,66.0,29
MDR00010,2,Fikih,65.6,65.8,24
MDR00010,2,SKI,65.9,61.6,26
MDR00010,2,Quran-Hadis,68.3,69.9,29
MDR00010,2,Bahasa Arab,64.9,60.5,31
MDR00010,3,Akidah-Akhlak,65.6,66.4,30
MDR00010,3,Fikih,67.1,63.0,28
MDR00010,3,SKI,63.4,62.0,23
MDR00010,3,Quran-Hadis,64.7,63.7,23
MDR00010,3,Bahasa Arab,61.0,51.7,27
MDR00010,4,Akidah-Akhlak,62.9,50.0,27
MDR00010,4,Fikih,63.5,55.9,26
MDR00010,4,SKI,61.4,52.0,26
MDR00010,4,Quran-Hadis,64.7,65.3,25
MDR00010,4,Bahasa Arab,67.9,68.2,27
MDR00010,5,Akidah-Akhlak,61.6,54.5,31
MDR00010,5,Fikih,60.9,41.8,25
MDR00010,5,SKI,63.2,54.2,25
MDR00010,5,Quran-Hadis,59.9,47.4,29
MDR00010,5,Bahasa Arab,62.5,62.7,26
MDR00010,6,Akidah-Akhlak,68.9,72.7,30
MDR00010,6,Fikih,64.2,56.3,28
MDR00010,6,SKI,69.9,75.0,29
MDR00010,6,Quran-Hadis,66.3,62.2,30
MDR00010,6,Bahasa Arab,63.8,62.0,29
MDR00011,1,Akidah-Akhlak,76.9,98.5,24
MDR00011,1,Fikih,75.6,90.7,22
MDR00011,1,SKI,72.4,92.1,19
MDR00011,1,Quran-Hadis,70.4,85.0,24
MDR00011,1,Bahasa Arab,66.6,59.2,21
MDR00011,2,Akidah-Akhlak,73.4,80.7,21
MDR00011,2,Fikih,75.8,77.2,18
MDR00011,2,SKI,72.4,84.7,18
MDR00011,2,Quran-Hadis,73.4,83.7,19
MDR00011,2,Bahasa Arab,72.6,82.8,21
MDR00011,3,Akidah-Akhlak,73.5,83.2,23
MDR00011,3,Fikih,68.9,70.2,19
MDR00011,3,SKI,70.1,75.0,23
MDR00011,3,Quran-Hadis,77.1,97.8,24
MDR00011,3,Bahasa Arab,68.0,64.7,21
MDR00011,4,Akidah-Akhlak,74.1,84.9,19
MDR00011,4,Fikih,74.2,93.0,24
MDR00011,4,SKI,72.3,76.9,23
MDR00011,4,Quran-Hadis,72.8,86.2,22
MDR00011,4,Bahasa Arab,70.6,85.8,22
MDR00011,5,Akidah-Akhlak,72.9,77.9,21
MDR00011,5,Fikih,73.7,80.3,23
MDR00011,5,SKI,70.6,79.7,22
MDR00011,5,Quran-Hadis,76.2,98.3,20
MDR00011,5,Bahasa Arab,68.5,82.9,23
MDR00011,6,Akidah-Akhlak,68.2,75.8,24
MDR00011,6,Fikih,71.7,81.6,23
MDR00011,6,SKI,73.0,89.7,23
MDR00011,6,Quran-Hadis,70.2,86.5,20
MDR00011,6,Bahasa Arab,72.8,86.1,24
MDR00012,7,Akidah-Akhlak,62.4,54.7,112
MDR00012,7,Fikih,66.0,53.6,125
MDR00012,7,SKI,67.2,65.8,110
MDR00012,7,Quran-Hadis,65.5,56.4,128
MDR00012,7,Bahasa Arab,66.0,75.1,136
MDR00012,8,Akidah-Akhlak,71.3,85.1,114
MDR00012,8,Fikih,68.3,76.4,131
MDR00012,8,SKI,63.2,65.2,112
MDR00012,8,Quran-Hadis,62.7,51.8,125
MDR00012,8,Bahasa Arab,70.5,80.4,134
MDR00012,9,Akidah-Akhlak,68.6,74.4,112
MDR00012,9,Fikih,64.9,66.2,109
MDR00012,9,SKI,60.9,58.3,110
MDR00012,9,Quran-Hadis,72.6,84.5,126
MDR00012,9,Bahasa Arab,65.2,57.9,124
MDR00013,7,Akidah-Akhlak,81.1,100,74
MDR00013,7,Fikih,79.7,100,72
MDR00013,7,SKI,78.7,89.4,70
MDR00013,7,Quran-Hadis,80.4,100,69
MDR00013,7,Bahasa Arab,79.0,99.1,68
MDR00013,8,Akidah-Akhlak,81.5,100,70
MDR00013,8,Fikih,74.3,93.2,67
MDR00013,8,SKI,76.6,95.4,69
MDR00013,8,Quran-Hadis,77.5,100,78
MDR00013,8,Bahasa Arab,75.6,90.0,80
MDR00013,9,Akidah-Akhlak,81.2,100,89
MDR00013,9,Fikih,80.7,100,84
MDR00013,9,SKI,73.7,88.8,88
MDR00013,9,Quran-Hadis,77.7,89.6,74
MDR00013,9,Bahasa Arab,74.4,78.6,88
MDR00014,1,Akidah-Akhlak,63.0,59.1,25
MDR00014,1,Fikih,57.0,47.1,24
MDR00014,1,SKI,62.8,59.3,26
MDR00014,1,Quran-Hadis,65.3,61.2,22
MDR00014,1,Bahasa Arab,58.2,43.2,20
MDR00014,2,Akidah-Akhlak,66.2,67.2,27
MDR00014,2,Fikih,61.1,54.8,21
MDR00014,2,SKI,60.3,54.8,22
MDR00014,2,Quran-Hadis,57.3,41.1,23
MDR00014,2,Bahasa Arab,55.8,47.1,26
MDR00014,3,Akidah-Akhlak,59.7,46.4,23
MDR00014,3,Fikih,65.0,53.7,22
MDR00014,3,SKI,62.0,54.8,20
MDR00014,3,Quran-Hadis,63.9,51.9,24
MDR00014,3,Bahasa Arab,59.9,42.4,22
MDR00014,4,Akidah-Akhlak,65.2,63.3,21
MDR00014,4,Fikih,69.3,73.8,21
MDR00014,4,SKI,55.3,35.7,25
MDR00014,4,Quran-Hadis,65.3,71.8,23
MDR00014,4,Bahasa Arab,61.6,50.4,20
MDR00014,5,Akidah-Akhlak,60.1,48.7,22
MDR00014,5,Fikih,66.4,62.5,25
MDR00014,5,SKI,56.3,40.6,23
MDR00014,5,Quran-Hadis,63.7,55.2,25
MDR00014,5,Bahasa Arab,59.7,47.9,22
MDR00014,6,Akidah-Akhlak,59.9,45.0,22
MDR00014,6,Fikih,66.3,66.3,27
MDR00014,6,SKI,58.3,44.3,21
MDR00014,6,Quran-Hadis,61.6,50.7,23
MDR00014,6,Bahasa Arab,59.7,42.9,21
MDR00015,1,Akidah-Akhlak,78.7,90.7,39
MDR00015,1,Fikih,76.2,86.6,49
MDR00015,1,SKI,75.2,85.2,43
MDR00015,1,Quran-Hadis,79.2,99.9,39
MDR00015,1,Bahasa Arab,77.8,91.8,48
MDR00015,2,Akidah-Akhlak,82.8,100,40
MDR00015,2,Fikih,73.2,80.8,44
MDR00015,2,SKI,74.9,86.0,48
MDR00015,2,Quran-Hadis,81.7,100,42
MDR00015,2,Bahasa Arab,73.3,77.4,47
MDR00015,3,Akidah-Akhlak,74.6,85.5,38
MDR00015,3,Fikih,75.6,100,42
MDR00015,3,SKI,75.8,76.6,48
MDR00015,3,Quran-Hadis,72.6,91.5,45
MDR00015,3,Bahasa Arab,75.1,90.0,40
MDR00015,4,Akidah-Akhlak,78.5,99.6,40
MDR00015,4,Fikih,76.3,92.5,39
MDR00015,4,SKI,75.0,84.9,48
MDR00015,4,Quran-Hadis,78.5,100,47
MDR00015,4,Bahasa Arab,76.2,96.0,49
MDR00015,5,Akidah-Akhlak,79.5,95.5,50
MDR00015,5,Fikih,78.3,98.1,40
MDR00015,5,SKI,70.6,76.5,46
MDR00015,5,Quran-Hadis,71.9,75.4,42
MDR00015,5,Bahasa Arab,68.2,75.6,40
MDR00015,6,Akidah-Akhlak,76.6,84.0,43
MDR00015,6,Fikih,82.9,100,50
MDR00015,6,SKI,77.5,93.0,43
MDR00015,6,Quran-Hadis,74.0,82.6,37
MDR00015,6,Bahasa Arab,79.6,100,43
MDR00016,1,Akidah-Akhlak,71.4,86.3,24
MDR00016,1,Fikih,68.3,66.6,26
MDR00016,1,SKI,71.4,77.7,21
MDR00016,1,Quran-Hadis,69.6,71.4,24
MDR00016,1,Bahasa Arab,79.6,95.2,21
MDR00016,2,Akidah-Akhlak,71.8,83.5,21
MDR00016,2,Fikih,73.3,87.0,23
MDR00016,2,SKI,66.7,73.0,22
MDR00016,2,Quran-Hadis,72.0,78.1,20
MDR00016,2,Bahasa Arab,74.9,80.7,21
MDR00016,3,Akidah-Akhlak,71.2,77.4,26
MDR00016,3,Fikih,68.1,64.7,24
MDR00016,3,SKI,70.0,76.8,21
MDR00016,3,Quran-Hadis,72.7,89.9,25
MDR00016,3,Bahasa Arab,71.8,74.7,20
MDR00016,4,Akidah-Akhlak,73.5,80.8,22
MDR00016,4,Fikih,67.7,66.6,23
MDR00016,4,SKI,66.4,70.5,22
MDR00016,4,Quran-Hadis,72.8,88.8,25
MDR00016,4,Bahasa Arab,71.9,82.1,25
MDR00016,5,Akidah-Akhlak,76.4,91.9,25
MDR00016,5,Fikih,74.0,85.2,20
MDR00016,5,SKI,71.3,83.8,25
MDR00016,5,Quran-Hadis,76.2,84.9,25
MDR00016,5,Bahasa Arab,70.0,75.1,25
MDR00016,6,Akidah-Akhlak,71.9,81.9,26
MDR00016,6,Fikih,70.4,83.8,22
MDR00016,6,SKI,67.1,71.2,26
MDR00016,6,Quran-Hadis,68.6,73.0,20
MDR00016,6,Bahasa Arab,70.3,78.6,24
MDR00017,1,Akidah-Akhlak,76.4,91.8,39
MDR00017,1,Fikih,78.6,92.5,44
MDR00017,1,SKI,76.1,94.6,44
MDR00017,1,Quran-Hadis,80.2,99.3,48
MDR00017,1,Bahasa Arab,75.8,89.6,43
MDR00017,2,Akidah-Akhlak,79.7,100,46
MDR00017,2,Fikih,76.7,85.7,40
MDR00017,2,SKI,73.8,91.6,42
MDR00017,2,Quran-Hadis,81.7,100,47
MDR00017,2,Bahasa Arab,74.9,85.7,42
MDR00017,3,Akidah-Akhlak,76.3,97.3,41
MDR00017,3,Fikih,73.3,78.9,45
MDR00017,3,SKI,72.9,83.6,48
MDR00017,3,Quran-Hadis,77.4,88.1,45
MDR00017,3,Bahasa Arab,73.2,84.2,48
MDR00017,4,Akidah-Akhlak,76.5,87.6,36
MDR00017,4,Fikih,78.1,91.2,42
MDR00017,4,SKI,71.4,83.5,38
MDR00017,4,Quran-Hadis,75.2,87.6,44
MDR00017,4,Bahasa Arab,73.2,83.4,37
MDR00017,5,Akidah-Akhlak,76.9,97.2,44
MDR00017,5,Fikih,78.8,100,42
MDR00017,5,SKI,72.5,75.2,46
MDR00017,5,Quran-Hadis,79.7,96.9,43
MDR00017,5,Bahasa Arab,68.7,63.7,41
MDR00017,6,Akidah-Akhlak,72.9,86.6,38
MDR00017,6,Fikih,77.5,98.2,44
MDR00017,6,SKI,71.6,74.6,37
MDR00017,6,Quran-Hadis,74.6,97.3,47
MDR00017,6,Bahasa Arab,76.4,95.9,48
MDR00018,1,Akidah-Akhlak,66.9,68.2,17
MDR00018,1,Fikih,66.7,74.4,17
MDR00018,1,SKI,62.9,55.8,19
MDR00018,1,Quran-Hadis,62.3,60.7,18
MDR00018,1,Bahasa Arab,67.1,66.0,17
MDR00018,2,Akidah-Akhlak,67.9,84.3,16
MDR00018,2,Fikih,67.3,79.0,17
MDR00018,2,SKI,60.1,48.7,16
MDR00018,2,Quran-Hadis,67.0,66.2,18
MDR00018,2,Bahasa Arab,66.9,60.1,19
MDR00018,3,Akidah-Akhlak,65.1,62.1,20
MDR00018,3,Fikih,70.8,82.0,18
MDR00018,3,SKI,61.0,51.9,15
MDR00018,3,Quran-Hadis,70.2,72.8,20
MDR00018,3,Bahasa Arab,64.6,53.1,16
MDR00018,4,Akidah-Akhlak,60.9,54.2,19
MDR00018,4,Fikih,63.5,57.8,15
MDR00018,4,SKI,60.3,54.2,19
MDR00018,4,Quran-Hadis,65.1,53.4,19
MDR00018,4,Bahasa Arab,62.8,59.8,17
MDR00018,5,Akidah-Akhlak,67.3,67.0,18
MDR00018,5,Fikih,68.4,79.1,16
MDR00018,5,SKI,58.7,47.0,19
MDR00018,5,Quran-Hadis,66.4,66.1,20
MDR00018,5,Bahasa Arab,64.2,61.8,18
MDR00018,6,Akidah-Akhlak,66.6,63.5,20
MDR00018,6,Fikih,64.5,56.2,18
MDR00018,6,SKI,63.3,52.9,18
MDR00018,6,Quran-Hadis,66.2,66.1,17
MDR00018,6,Bahasa Arab,60.1,47.5,18
MDR00019,1,Akidah-Akhlak,82.4,100,29
MDR00019,1,Fikih,81.7,100,27
MDR00019,1,SKI,73.7,82.0,33
MDR00019,1,Quran-Hadis,84.8,100,28
MDR00019,1,Bahasa Arab,80.3,100,32
MDR00019,2,Akidah-Akhlak,85.4,100,29
MDR00019,2,Fikih,83.9,100,27
MDR00019,2,SKI,80.2,92.1,29
MDR00019,2,Quran-Hadis,82.3,100,29
MDR00019,2,Bahasa Arab,81.6,93.8,27
MDR00019,3,Akidah-Akhlak,80.7,100,34
MDR00019,3,Fikih,81.9,95.0,28
MDR00019,3,SKI,77.1,87.8,35
MDR00019,3,Quran-Hadis,84.0,100,30
MDR00019,3,Bahasa Arab,79.0,97.1,28
MDR00019,4,Akidah-Akhlak,89.5,100,35
MDR00019,4,Fikih,82.0,100,32
MDR00019,4,SKI,80.1,100,34
MDR00019,4,Quran-Hadis,82.2,100,31
MDR00019,4,Bahasa Arab,75.8,86.4,30
MDR00019,5,Akidah-Akhlak,83.4,100,31
MDR00019,5,Fikih,80.1,85.6,30
MDR00019,5,SKI,76.9,87.6,28
MDR00019,5,Quran-Hadis,83.8,100,26
MDR00019,5,Bahasa Arab,80.5,97.1,34
MDR00019,6,Akidah-Akhlak,81.9,100,27
MDR00019,6,Fikih,84.9,100,33
MDR00019,6,SKI,85.3,100,32
MDR00019,6,Quran-Hadis,84.0,100,28
MDR00019,6,Bahasa Arab,79.1,95.6,26
MDR00020,1,Akidah-Akhlak,85.9,100,58
MDR00020,1,Fikih,82.1,100,57
MDR00020,1,SKI,81.5,100,66
MDR00020,1,Quran-Hadis,82.5,99.0,52
MDR00020,1,Bahasa Arab,82.9,100,52
MDR00020,2,Akidah-Akhlak,79.4,99.3,54
MDR00020,2,Fikih,85.2,100,55
MDR00020,2,SKI,79.7,99.1,51
MDR00020,2,Quran-Hadis,83.2,100,67
MDR00020,2,Bahasa Arab,83.7,100,67
MDR00020,3,Akidah-Akhlak,86.1,100,63
MDR00020,3,Fikih,86.3,100,60
MDR00020,3,SKI,83.0,100,60
MDR00020,3,Quran-Hadis,82.9,100,65
MDR00020,3,Bahasa Arab,79.7,100,58
MDR00020,4,Akidah-Akhlak,83.7,97.0,68
MDR00020,4,Fikih,73.3,76.3,50
MDR00020,4,SKI,79.2,85.6,63
MDR00020,4,Quran-Hadis,86.0,100,62
MDR00020,4,Bahasa Arab,80.4,98.7,63
MDR00020,5,Akidah-Akhlak,87.9,100,52
MDR00020,5,Fikih,84.6,100,68
MDR00020,5,SKI,80.1,98.0,59
MDR00020,5,Quran-Hadis,85.8,100,63
MDR00020,5,Bahasa Arab,82.8,100,55
MDR00020,6,Akidah-Akhlak,88.2,100,55
MDR00020,6,Fikih,83.1,100,52
MDR00020,6,SKI,87.1,100,63
MDR00020,6,Quran-Hadis,85.0,100,54
MDR00020,6,Bahasa Arab,86.0,100,68
MDR00021,1,Akidah-Akhlak,73.0,71.9,13
MDR00021,1,Fikih,75.8,94.1,16
MDR00021,1,SKI,76.7,85.6,12
MDR00021,1,Quran-Hadis,75.7,94.5,15
MDR00021,1,Bahasa Arab,69.9,81.6,12
MDR00021,2,Akidah-Akhlak,76.1,97.0,13
MDR00021,2,Fikih,76.3,98.1,16
MDR00021,2,SKI,74.6,90.0,15
MDR00021,2,Quran-Hadis,72.4,79.7,13
MDR00021,2,Bahasa Arab,71.6,82.0,13
MDR00021,3,Akidah-Akhlak,75.9,92.3,14
MDR00021,3,Fikih,70.0,71.4,14
MDR00021,3,SKI,72.2,83.2,15
MDR00021,3,Quran-Hadis,74.6,80.0,12
MDR00021,3,Bahasa Arab,73.6,87.5,13
MDR00021,4,Akidah-Akhlak,77.4,91.6,13
MDR00021,4,Fikih,74.9,89.1,13
MDR00021,4,SKI,74.1,86.2,15
MDR00021,4,Quran-Hadis,76.5,90.1,12
MDR00021,4,Bahasa Arab,75.1,100,15
MDR00021,5,Akidah-Akhlak,74.9,88.3,12
MDR00021,5,Fikih,74.9,80.3,13
MDR00021,5,SKI,71.4,70.8,15
MDR00021,5,Quran-Hadis,70.5,77.2,13
MDR00021,5,Bahasa Arab,72.3,81.1,13
MDR00021,6,Akidah-Akhlak,72.1,73.5,12
MDR00021,6,Fikih,71.0,79.6,12
MDR00021,6,SKI,70.8,79.1,13
MDR00021,6,Quran-Hadis,73.2,85.2,12
MDR00021,6,Bahasa Arab,71.9,72.2,13
MDR00022,10,Akidah-Akhlak,72.7,85.7,31
MDR00022,10,Fikih,69.9,81.1,28
MDR00022,10,SKI,65.2,62.6,30
MDR00022,10,Quran-Hadis,71.5,78.9,36
MDR00022,10,Bahasa Arab,70.3,76.3,35
MDR00022,11,Akidah-Akhlak,70.8,74.9,35
MDR00022,11,Fikih,70.9,70.7,33
MDR00022,11,SKI,63.2,54.4,31
MDR00022,11,Quran-Hadis,75.0,93.9,29
MDR00022,11,Bahasa Arab,74.9,88.8,35
MDR00022,12,Akidah-Akhlak,72.2,73.9,29
MDR00022,12,Fikih,72.9,81.1,28
MDR00022,12,SKI,70.8,83.8,32
MDR00022,12,Quran-Hadis,74.1,73.3,31
MDR00022,12,Bahasa Arab,69.8,73.2,30
MDR00023,7,Akidah-Akhlak,60.2,49.2,38
MDR00023,7,Fikih,61.8,49.2,34
MDR00023,7,SKI,57.6,52.2,38
MDR00023,7,Quran-Hadis,58.8,38.6,33
MDR00023,7,Bahasa Arab,60.1,52.5,35
MDR00023,8,Akidah-Akhlak,62.6,49.1,37
MDR00023,8,Fikih,60.0,46.7,35
MDR00023,8,SKI,56.9,38.8,30
MDR00023,8,Quran-Hadis,59.6,48.5,33
MDR00023,8,Bahasa Arab,61.8,55.5,31
MDR00023,9,Akidah-Akhlak,56.4,51.9,38
MDR00023,9,Fikih,50.3,26.4,30
MDR00023,9,SKI,55.6,40.7,31
MDR00023,9,Quran-Hadis,64.2,57.7,39
MDR00023,9,Bahasa Arab,59.5,39.5,30
MDR00024,1,Akidah-Akhlak,79.1,100,28
MDR00024,1,Fikih,82.3,100,30
MDR00024,1,SKI,82.5,100,33
MDR00024,1,Quran-Hadis,83.0,100,27
MDR00024,1,Bahasa Arab,81.3,100,29
MDR00024,2,Akidah-Akhlak,80.0,100,30
MDR00024,2,Fikih,82.1,100,26
MDR00024,2,SKI,82.7,100,26
MDR00024,2,Quran-Hadis,77.4,96.7,28
MDR00024,2,Bahasa Arab,77.9,97.8,31
MDR00024,3,Akidah-Akhlak,85.0,100,31
MDR00024,3,Fikih,81.0,100,27
MDR00024,3,SKI,73.6,74.1,33
MDR00024,3,Quran-Hadis,81.0,100,32
MDR00024,3,Bahasa Arab,79.1,97.2,29
MDR00024,4,Akidah-Akhlak,82.1,100,32
MDR00024,4,Fikih,88.9,100,29
MDR00024,4,SKI,84.8,100,32
MDR00024,4,Quran-Hadis,84.7,100,30
MDR00024,4,Bahasa Arab,80.1,83.9,35
MDR00024,5,Akidah-Akhlak,83.7,100,35
MDR00024,5,Fikih,79.3,92.7,29
MDR00024,5,SKI,76.9,93.3,27
MDR00024,5,Quran-Hadis,81.6,98.8,33
MDR00024,5,Bahasa Arab,79.3,99.7,31
MDR00024,6,Akidah-Akhlak,79.1,98.6,29
MDR00024,6,Fikih,79.7,100,34
MDR00024,6,SKI,85.9,100,29
MDR00024,6,Quran-Hadis,81.9,100,33
MDR00024,6,Bahasa Arab,81.1,100,30
MDR00025,10,Akidah-Akhlak,77.5,100,72
MDR00025,10,Fikih,74.5,93.5,78
MDR00025,10,SKI,68.1,73.5,64
MDR00025,10,Quran-Hadis,74.4,87.9,75
MDR00025,10,Bahasa Arab,71.1,79.2,71
MDR00025,11,Akidah-Akhlak,72.7,85.6,68
MDR00025,11,Fikih,71.1,79.5,64
MDR00025,11,SKI,68.0,74.0,75
MDR00025,11,Quran-Hadis,70.0,79.1,73
MDR00025,11,Bahasa Arab,70.8,69.6,64
MDR00025,12,Akidah-Akhlak,77.3,95.4,60
MDR00025,12,Fikih,78.1,90.8,76
MDR00025,12,SKI,70.4,72.9,79
MDR00025,12,Quran-Hadis,76.0,90.6,68
MDR00025,12,Bahasa Arab,71.0,78.0,69
MDR00026,1,Akidah-Akhlak,77.3,95.1,30
MDR00026,1,Fikih,80.7,100,34
MDR00026,1,SKI,77.7,93.6,26
MDR00026,1,Quran-Hadis,85.5,100,34
MDR00026,1,Bahasa Arab,80.1,100,33
MDR00026,2,Akidah-Akhlak,83.9,100,33
MDR00026,2,Fikih,73.3,90.3,31
MDR00026,2,SKI,78.3,91.0,32
MDR00026,2,Quran-Hadis,80.1,100,35
MDR00026,2,Bahasa Arab,77.6,93.2,32
MDR00026,3,Akidah-Akhlak,79.5,100,34
MDR00026,3,Fikih,78.1,86.2,31
MDR00026,3,SKI,76.9,86.5,28
MDR00026,3,Quran-Hadis,80.5,99.2,31
MDR00026,3,Bahasa Arab,83.5,100,33
MDR00026,4,Akidah-Akhlak,86.4,100,30
MDR00026,4,Fikih,81.3,97.8,34
MDR00026,4,SKI,80.1,100,33
MDR00026,4,Quran-Hadis,75.1,77.8,30
MDR00026,4,Bahasa Arab,77.7,90.3,28
MDR00026,5,Akidah-Akhlak,84.1,100,31
MDR00026,5,Fikih,80.7,100,35
MDR00026,5,SKI,77.0,96.0,30
MDR00026,5,Quran-Hadis,79.8,94.2,26
MDR00026,5,Bahasa Arab,78.9,94.7,33
MDR00026,6,Akidah-Akhlak,84.0,100,26
MDR00026,6,Fikih,80.3,100,29
MDR00026,6,SKI,81.0,100,28
MDR00026,6,Quran-Hadis,82.6,100,31
MDR00026,6,Bahasa Arab,76.8,97.3,33
MDR00027,1,Akidah-Akhlak,78.3,96.1,39
MDR00027,1,Fikih,78.3,95.0,43
MDR00027,1,SKI,78.8,88.3,47
MDR00027,1,Quran-Hadis,80.0,89.7,39
MDR00027,1,Bahasa Arab,82.6,96.1,42
MDR00027,2,Akidah-Akhlak,81.9,100,48
MDR00027,2,Fikih,84.9,100,46
MDR00027,2,SKI,82.4,100,45
MDR00027,2,Quran-Hadis,82.2,99.4,49
MDR00027,2,Bahasa Arab,79.7,97.8,44
MDR00027,3,Akidah-Akhlak,84.2,100,40
MDR00027,3,Fikih,80.8,96.6,41
MDR00027,3,SKI,78.8,93.4,43
MDR00027,3,Quran-Hadis,76.5,95.2,44
MDR00027,3,Bahasa Arab,77.3,97.2,49
MDR00027,4,Akidah-Akhlak,83.2,100,39
MDR00027,4,Fikih,79.0,98.4,40
MDR00027,4,SKI,78.6,97.5,46
MDR00027,4,Quran-Hadis,86.9,100,42
MDR00027,4,Bahasa Arab,75.6,80.6,41
MDR00027,5,Akidah-Akhlak,76.3,93.8,37
MDR00027,5,Fikih,79.2,100,44
MDR00027,5,SKI,76.2,99.3,45
MDR00027,5,Quran-Hadis,81.1,98.8,41
MDR00027,5,Bahasa Arab,81.3,100,41
MDR00027,6,Akidah-Akhlak,83.1,100,45
MDR00027,6,Fikih,77.8,97.5,37
MDR00027,6,SKI,81.6,95.2,37
MDR00027,6,Quran-Hadis,78.8,99.9,42
MDR00027,6,Bahasa Arab,81.5,100,38
MDR00028,1,Akidah-Akhlak,81.6,100,8
MDR00028,1,Fikih,83.7,100,11
MDR00028,1,SKI,77.0,92.3,9
MDR00028,1,Quran-Hadis,79.8,100,8
MDR00028,1,Bahasa Arab,82.0,100,10
MDR00028,2,Akidah-Akhlak,82.4,97.9,10
MDR00028,2,Fikih,81.6,94.8,9
MDR00028,2,SKI,88.3,100,11
MDR00028,2,Quran-Hadis,79.8,98.6,10
MDR00028,2,Bahasa Arab,81.3,100,8
MDR00028,3,Akidah-Akhlak,77.6,93.5,11
MDR00028,3,Fikih,81.9,100,9
MDR00028,3,SKI,80.0,100,9
MDR00028,3,Quran-Hadis,78.2,93.1,9
MDR00028,3,Bahasa Arab,77.1,93.2,8
MDR00028,4,Akidah-Akhlak,82.3,100,11
MDR00028,4,Fikih,81.7,99.3,9
MDR00028,4,SKI,81.9,100,11
MDR00028,4,Quran-Hadis,83.5,100,11
MDR00028,4,Bahasa Arab,82.6,100,8
MDR00028,5,Akidah-Akhlak,84.1,100,8
MDR00028,5,Fikih,82.2,100,9
MDR00028,5,SKI,81.5,100,10
MDR00028,5,Quran-Hadis,83.1,100,11
MDR00028,5,Bahasa Arab,77.4,84.4,10
MDR00028,6,Akidah-Akhlak,78.0,100,10
MDR00028,6,Fikih,77.6,95.0,8
MDR00028,6,SKI,81.9,100,10
MDR00028,6,Quran-Hadis,80.3,100,11
MDR00028,6,Bahasa Arab,79.1,100,9
MDR00029,1,Akidah-Akhlak,77.5,96.9,26
MDR00029,1,Fikih,71.9,84.3,22
MDR00029,1,SKI,74.8,83.0,30
MDR00029,1,Quran-Hadis,72.7,86.1,22
MDR00029,1,Bahasa Arab,72.4,85.4,27
MDR00029,2,Akidah-Akhlak,78.1,89.6,28
MDR00029,2,Fikih,70.1,83.2,24
MDR00029,2,SKI,70.0,71.4,24
MDR00029,2,Quran-Hadis,68.9,70.4,22
MDR00029,2,Bahasa Arab,72.7,84.5,27
MDR00029,3,Akidah-Akhlak,71.7,83.2,30
MDR00029,3,Fikih,71.8,75.8,24
MDR00029,3,SKI,73.2,83.0,29
MDR00029,3,Quran-Hadis,71.9,87.5,29
MDR00029,3,Bahasa Arab,76.7,91.8,27
MDR00029,4,Akidah-Akhlak,79.5,100,28
MDR00029,4,Fikih,71.2,74.9,25
MDR00029,4,SKI,64.1,56.2,23
MDR00029,4,Quran-Hadis,68.7,76.0,22
MDR00029,4,Bahasa Arab,70.7,81.7,25
MDR00029,5,Akidah-Akhlak,72.5,79.6,24
MDR00029,5,Fikih,75.8,93.3,24
MDR00029,5,SKI,66.0,67.1,25
MDR00029,5,Quran-Hadis,75.4,86.2,28
MDR00029,5,Bahasa Arab,72.7,87.0,24
MDR00029,6,Akidah-Akhlak,76.2,96.9,29
MDR00029,6,Fikih,71.4,69.7,29
MDR00029,6,SKI,66.5,59.0,23
MDR00029,6,Quran-Hadis,80.1,100,24
MDR00029,6,Bahasa Arab,68.6,70.8,23
MDR00030,7,Akidah-Akhlak,79.0,100,90
MDR00030,7,Fikih,77.3,93.5,84
MDR00030,7,SKI,74.4,92.6,100
MDR00030,7,Quran-Hadis,77.2,88.1,85
MDR00030,7,Bahasa Arab,76.2,88.1,112
MDR00030,8,Akidah-Akhlak,75.3,84.9,113
MDR00030,8,Fikih,77.1,90.4,90
MDR00030,8,SKI,75.2,83.5,104
MDR00030,8,Quran-Hadis,79.8,100,109
MDR00030,8,Bahasa Arab,78.1,96.1,111
MDR00030,9,Akidah-Akhlak,76.7,87.0,108
MDR00030,9,Fikih,77.5,91.0,106
MDR00030,9,SKI,75.6,83.5,106
MDR00030,9,Quran-Hadis,78.9,100,92
MDR00030,9,Bahasa Arab,74.1,83.6,108
MDR00031,1,Akidah-Akhlak,90.4,100,36
MDR00031,1,Fikih,84.8,100,34
MDR00031,1,SKI,84.0,100,35
MDR00031,1,Quran-Hadis,91.8,100,31
MDR00031,1,Bahasa Arab,86.4,100,33
MDR00031,2,Akidah-Akhlak,89.7,100,37
MDR00031,2,Fikih,92.5,100,29
MDR00031,2,SKI,84.1,99.7,32
MDR00031,2,Quran-Hadis,90.0,100,33
MDR00031,2,Bahasa Arab,87.4,100,30
MDR00031,3,Akidah-Akhlak,94.3,100,33
MDR00031,3,Fikih,89.8,100,32
MDR00031,3,SKI,91.5,100,28
MDR00031,3,Quran-Hadis,87.7,100,34
MDR00031,3,Bahasa Arab,89.8,100,36
MDR00031,4,Akidah-Akhlak,91.6,100,33
MDR00031,4,Fikih,84.4,100,29
MDR00031,4,SKI,83.2,100,29
MDR00031,4,Quran-Hadis,89.2,100,34
MDR00031,4,Bahasa Arab,87.6,100,33
MDR00031,5,Akidah-Akhlak,93.2,100,31
MDR00031,5,Fikih,88.0,100,36
MDR00031,5,SKI,87.0,100,28
MDR00031,5,Quran-Hadis,87.6,100,31
MDR00031,5,Bahasa Arab,84.9,100,31
MDR00031,6,Akidah-Akhlak,88.6,100,36
MDR00031,6,Fikih,92.6,100,30
MDR00031,6,SKI,88.4,100,30
MDR00031,6,Quran-Hadis,88.7,100,35
MDR00031,6,Bahasa Arab,92.4,100,32
MDR00032,1,Akidah-Akhlak,73.9,94.2,14
MDR00032,1,Fikih,72.7,77.4,13
MDR00032,1,SKI,65.1,61.4,11
MDR00032,1,Quran-Hadis,70.4,79.3,13
MDR00032,1,Bahasa Arab,72.0,78.3,11
MDR00032,2,Akidah-Akhlak,72.0,81.2,12
MDR00032,2,Fikih,75.6,81.2,11
MDR00032,2,SKI,70.3,79.3,12
MDR00032,2,Quran-Hadis,71.7,77.8,13
MDR00032,2,Bahasa Arab,64.8,59.4,11
MDR00032,3,Akidah-Akhlak,77.0,94.2,13
MDR00032,3,Fikih,77.6,89.6,13
MDR00032,3,SKI,70.4,75.5,12
MDR00032,3,Quran-Hadis,74.8,87.3,14
MDR00032,3,Bahasa Arab,74.0,81.6,14
MDR00032,4,Akidah-Akhlak,74.8,85.1,11
MDR00032,4,Fikih,73.6,90.7,14
MDR00032,4,SKI,69.3,77.1,11
MDR00032,4,Quran-Hadis,75.6,90.0,13
MDR00032,4,Bahasa Arab,74.5,82.2,11
MDR00032,5,Akidah-Akhlak,73.5,78.4,12
MDR00032,5,Fikih,68.4,76.5,13
MDR00032,5,SKI,74.4,85.8,14
MDR00032,5,Quran-Hadis,73.8,80.9,12
MDR00032,5,Bahasa Arab,77.5,95.6,11
MDR00032,6,Akidah-Akhlak,66.4,68.7,12
MDR00032,6,Fikih,72.6,76.1,13
MDR00032,6,SKI,72.2,72.3,14
MDR00032,6,Quran-Hadis,77.6,91.8,11
MDR00032,6,Bahasa Arab,72.8,84.9,14
MDR00033,7,Akidah-Akhlak,68.3,62.6,110
MDR00033,7,Fikih,65.6,65.7,100
MDR00033,7,SKI,66.8,64.0,98
MDR00033,7,Quran-Hadis,66.1,65.4,89
MDR00033,7,Bahasa Arab,73.7,89.3,111
MDR00033,8,Akidah-Akhlak,71.8,92.6,96
MDR00033,8,Fikih,74.0,82.0,102
MDR00033,8,SKI,70.1,69.4,101
MDR00033,8,Quran-Hadis,73.4,88.7,103
MDR00033,8,Bahasa Arab,69.8,69.8,96
MDR00033,9,Akidah-Akhlak,71.4,82.6,117
MDR00033,9,Fikih,69.3,74.3,103
MDR00033,9,SKI,73.8,88.3,115
MDR00033,9,Quran-Hadis,70.4,71.1,90
MDR00033,9,Bahasa Arab,70.7,79.3,108
MDR00034,1,Akidah-Akhlak,74.9,88.3,40
MDR00034,1,Fikih,72.1,78.1,46
MDR00034,1,SKI,74.8,95.4,46
MDR00034,1,Quran-Hadis,75.9,90.0,45
MDR00034,1,Bahasa Arab,75.0,89.0,40
MDR00034,2,Akidah-Akhlak,70.9,82.4,46
MDR00034,2,Fikih,74.4,88.1,44
MDR00034,2,SKI,75.3,82.3,50
MDR00034,2,Quran-Hadis,75.4,83.5,43
MDR00034,2,Bahasa Arab,71.1,80.6,47
MDR00034,3,Akidah-Akhlak,81.6,89.1,41
MDR00034,3,Fikih,70.1,79.8,42
MDR00034,3,SKI,66.3,72.4,49
MDR00034,3,Quran-Hadis,78.1,100,39
MDR00034,3,Bahasa Arab,64.0,65.4,42
MDR00034,4,Akidah-Akhlak,77.2,92.6,42
MDR00034,4,Fikih,70.0,61.5,42
MDR00034,4,SKI,75.9,87.6,47
MDR00034,4,Quran-Hadis,73.3,80.1,38
MDR00034,4,Bahasa Arab,70.6,75.4,37
MDR00034,5,Akidah-Akhlak,72.2,73.9,44
MDR00034,5,Fikih,70.5,71.5,47
MDR00034,5,SKI,74.0,89.7,48
MDR00034,5,Quran-Hadis,76.5,88.9,49
MDR00034,5,Bahasa Arab,73.2,87.3,43
MDR00034,6,Akidah-Akhlak,74.7,91.9,42
MDR00034,6,Fikih,73.0,85.7,42
MDR00034,6,SKI,71.7,86.7,48
MDR00034,6,Quran-Hadis,69.2,76.6,48
MDR00034,6,Bahasa Arab,73.8,86.1,37
MDR00035,10,Akidah-Akhlak,79.8,94.9,98
MDR00035,10,Fikih,75.6,84.3,98
MDR00035,10,SKI,73.6,87.4,94
MDR00035,10,Quran-Hadis,80.7,95.8,112
MDR00035,10,Bahasa Arab,70.8,73.2,110
MDR00035,11,Akidah-Akhlak,76.7,91.2,101
MDR00035,11,Fikih,75.4,81.6,113
MDR00035,11,SKI,75.4,93.7,103
MDR00035,11,Quran-Hadis,74.5,92.1,89
MDR00035,11,Bahasa Arab,71.3,82.2,99
MDR00035,12,Akidah-Akhlak,78.5,94.1,100
MDR00035,12,Fikih,72.7,84.6,111
MDR00035,12,SKI,70.0,79.7,94
MDR00035,12,Quran-Hadis,72.5,73.2,94
MDR00035,12,Bahasa Arab,72.0,78.9,107
MDR00036,1,Akidah-Akhlak,74.0,84.0,25
MDR00036,1,Fikih,72.2,72.9,24
MDR00036,1,SKI,73.6,88.0,27
MDR00036,1,Quran-Hadis,76.0,96.9,24
MDR00036,1,Bahasa Arab,67.6,68.9,26
MDR00036,2,Akidah-Akhlak,72.1,82.2,28
MDR00036,2,Fikih,77.3,92.2,25
MDR00036,2,SKI,67.1,60.2,22
MDR00036,2,Quran-Hadis,73.3,80.5,21
MDR00036,2,Bahasa Arab,69.9,65.9,26
MDR00036,3,Akidah-Akhlak,70.9,74.5,21
MDR00036,3,Fikih,75.9,82.3,28
MDR00036,3,SKI,71.0,82.5,22
MDR00036,3,Quran-Hadis,69.2,72.4,26
MDR00036,3,Bahasa Arab,70.7,77.8,27
MDR00036,4,Akidah-Akhlak,75.0,92.6,25
MDR00036,4,Fikih,64.6,61.1,26
MDR00036,4,SKI,69.9,72.2,24
MDR00036,4,Quran-Hadis,67.0,64.0,23
MDR00036,4,Bahasa Arab,70.3,76.1,21
MDR00036,5,Akidah-Akhlak,72.1,82.4,22
MDR00036,5,Fikih,71.5,79.8,27
MDR00036,5,SKI,66.5,68.2,23
MDR00036,5,Quran-Hadis,63.3,55.6,22
MDR00036,5,Bahasa Arab,71.1,76.8,22
MDR00036,6,Akidah-Akhlak,72.7,83.4,24
MDR00036,6,Fikih,69.2,72.4,21
MDR00036,6,SKI,72.5,77.5,21
MDR00036,6,Quran-Hadis,74.1,85.6,24
MDR00036,6,Bahasa Arab,70.0,63.8,27
MDR00037,1,Akidah-Akhlak,59.0,44.5,29
MDR00037,1,Fikih,60.3,48.0,31
MDR00037,1,SKI,58.6,49.2,26
MDR00037,1,Quran-Hadis,64.0,62.3,28
MDR00037,1,Bahasa Arab,55.2,38.2,29
MDR00037,2,Akidah-Akhlak,54.5,28.2,29
MDR00037,2,Fikih,56.9,44.2,31
MDR00037,2,SKI,56.0,33.8,26
MDR00037,2,Quran-Hadis,59.7,42.5,30
MDR00037,2,Bahasa Arab,62.5,49.1,31
MDR00037,3,Akidah-Akhlak,58.4,44.9,24
MDR00037,3,Fikih,54.3,33.1,28
MDR00037,3,SKI,53.2,31.5,29
MDR00037,3,Quran-Hadis,54.9,35.0,30
MDR00037,3,Bahasa Arab,54.0,28.6,30
MDR00037,4,Akidah-Akhlak,61.2,53.1,29
MDR00037,4,Fikih,56.4,44.5,28
MDR00037,4,SKI,52.2,27.3,28
MDR00037,4,Quran-Hadis,60.8,48.9,25
MDR00037,4,Bahasa Arab,58.0,50.5,29
MDR00037,5,Akidah-Akhlak,55.9,32.8,32
MDR00037,5,Fikih,56.9,48.6,32
MDR00037,5,SKI,52.7,40.0,31
MDR00037,5,Quran-Hadis,59.5,49.2,26
MDR00037,5,Bahasa Arab,62.6,52.2,31
MDR00037,6,Akidah-Akhlak,56.0,37.2,24
MDR00037,6,Fikih,58.0,51.5,25
MDR00037,6,SKI,58.4,41.9,28
MDR00037,6,Quran-Hadis,52.3,34.2,30
MDR00037,6,Bahasa Arab,54.4,39.1,28
MDR00038,7,Akidah-Akhlak,75.9,90.1,65
MDR00038,7,Fikih,81.2,98.3,64
MDR00038,7,SKI,80.0,100,66
MDR00038,7,Quran-Hadis,82.1,100,77
MDR00038,7,Bahasa Arab,72.6,80.1,63
MDR00038,8,Akidah-Akhlak,82.3,100,71
MDR00038,8,Fikih,81.5,97.5,62
MDR00038,8,SKI,76.3,86.7,70
MDR00038,8,Quran-Hadis,78.3,91.0,65
MDR00038,8,Bahasa Arab,81.1,100,78
MDR00038,9,Akidah-Akhlak,80.0,100,60
MDR00038,9,Fikih,75.3,85.5,70
MDR00038,9,SKI,75.3,88.1,66
MDR00038,9,Quran-Hadis,78.9,100,61
MDR00038,9,Bahasa Arab,78.9,97.1,77
MDR00039,7,Akidah-Akhlak,78.6,96.9,102
MDR00039,7,Fikih,81.8,100,99
MDR00039,7,SKI,74.4,85.5,104
MDR00039,7,Quran-Hadis,82.0,99.2,119
MDR00039,7,Bahasa Arab,78.8,100,99
MDR00039,8,Akidah-Akhlak,81.8,100,95
MDR00039,8,Fikih,77.6,89.6,112
MDR00039,8,SKI,87.0,100,94
MDR00039,8,Quran-Hadis,85.1,100,100
MDR00039,8,Bahasa Arab,79.8,100,107
MDR00039,9,Akidah-Akhlak,84.5,100,101
MDR00039,9,Fikih,79.5,95.5,119
MDR00039,9,SKI,80.9,100,108
MDR00039,9,Quran-Hadis,74.8,94.9,110
MDR00039,9,Bahasa Arab,77.7,98.9,91
MDR00040,1,Akidah-Akhlak,59.9,53.5,17
MDR00040,1,Fikih,60.2,47.6,19
MDR00040,1,SKI,56.2,42.8,17
MDR00040,1,Quran-Hadis,61.4,44.0,18
MDR00040,1,Bahasa Arab,54.5,40.9,15
MDR00040,2,Akidah-Akhlak,58.7,43.7,17
MDR00040,2,Fikih,64.4,62.8,19
MDR00040,2,SKI,60.3,45.2,18
MDR00040,2,Quran-Hadis,58.7,47.8,16
MDR00040,2,Bahasa Arab,61.3,53.6,17
MDR00040,3,Akidah-Akhlak,65.1,66.6,19
MDR00040,3,Fikih,63.6,64.4,19
MDR00040,3,SKI,52.0,31.3,19
MDR00040,3,Quran-Hadis,58.9,44.9,21
MDR00040,3,Bahasa Arab,59.9,51.4,17
MDR00040,4,Akidah-Akhlak,60.0,55.3,20
MDR00040,4,Fikih,60.7,49.3,18
MDR00040,4,SKI,55.6,42.5,15
MDR00040,4,Quran-Hadis,59.2,46.8,15
MDR00040,4,Bahasa Arab,57.2,40.2,16
MDR00040,5,Akidah-Akhlak,54.0,33.4,21
MDR00040,5,Fikih,60.1,49.7,17
MDR00040,5,SKI,54.2,38.5,15
MDR00040,5,Quran-Hadis,60.1,48.9,16
MDR00040,5,Bahasa Arab,57.9,43.6,20
MDR00040,6,Akidah-Akhlak,62.9,57.5,18
MDR00040,6,Fikih,60.6,46.3,17
MDR00040,6,SKI,46.6,13.3,17
MDR00040,6,Quran-Hadis,55.9,39.6,20
MDR00040,6,Bahasa Arab,61.0,46.3,17
MDR00041,1,Akidah-Akhlak,67.2,60.6,32
MDR00041,1,Fikih,60.8,47.5,39
MDR00041,1,SKI,63.4,65.0,39
MDR00041,1,Quran-Hadis,62.8,48.9,36
MDR00041,1,Bahasa Arab,58.9,45.2,32
MDR00041,2,Akidah-Akhlak,69.1,75.3,33
MDR00041,2,Fikih,70.2,73.9,38
MDR00041,2,SKI,65.9,68.4,37
MDR00041,2,Quran-Hadis,69.8,74.4,38
MDR00041,2,Bahasa Arab,62.6,53.2,33
MDR00041,3,Akidah-Akhlak,69.5,80.6,37
MDR00041,3,Fikih,67.6,59.8,30
MDR00041,3,SKI,58.8,54.6,37
MDR00041,3,Quran-Hadis,69.0,73.5,38
MDR00041,3,Bahasa Arab,66.3,72.6,31
MDR00041,4,Akidah-Akhlak,73.5,73.8,32
MDR00041,4,Fikih,68.0,70.2,34
MDR00041,4,SKI,65.6,64.2,38
MDR00041,4,Quran-Hadis,68.7,72.6,40
MDR00041,4,Bahasa Arab,68.3,72.4,38
MDR00041,5,Akidah-Akhlak,63.5,49.8,37
MDR00041,5,Fikih,65.5,53.0,40
MDR00041,5,SKI,67.7,61.3,32
MDR00041,5,Quran-Hadis,71.7,73.2,34
MDR00041,5,Bahasa Arab,68.5,73.1,39
MDR00041,6,Akidah-Akhlak,72.5,79.9,38
MDR00041,6,Fikih,67.7,68.9,33
MDR00041,6,SKI,64.3,57.3,39
MDR00041,6,Quran-Hadis,71.0,78.5,37
MDR00041,6,Bahasa Arab,67.9,73.0,36
MDR00042,7,Akidah-Akhlak,75.2,89.9,68
MDR00042,7,Fikih,71.2,81.5,71
MDR00042,7,SKI,71.9,82.8,73
MDR00042,7,Quran-Hadis,70.4,72.1,71
MDR00042,7,Bahasa Arab,71.5,78.6,78
MDR00042,8,Akidah-Akhlak,73.8,83.4,70
MDR00042,8,Fikih,71.2,81.6,66
MDR00042,8,SKI,64.9,62.7,71
MDR00042,8,Quran-Hadis,72.3,86.4,70
MDR00042,8,Bahasa Arab,67.9,65.0,80
MDR00042,9,Akidah-Akhlak,62.7,52.5,70
MDR00042,9,Fikih,70.1,72.3,65
MDR00042,9,SKI,69.5,71.0,77
MDR00042,9,Quran-Hadis,72.3,69.7,62
MDR00042,9,Bahasa Arab,70.1,74.6,64
MDR00043,10,Akidah-Akhlak,74.0,83.0,38
MDR00043,10,Fikih,77.8,90.4,35
MDR00043,10,SKI,72.3,83.6,41
MDR00043,10,Quran-Hadis,77.6,93.2,32
MDR00043,10,Bahasa Arab,71.5,73.7,33
MDR00043,11,Akidah-Akhlak,77.9,93.7,31
MDR00043,11,Fikih,71.1,71.0,39
MDR00043,11,SKI,74.8,87.6,31
MDR00043,11,Quran-Hadis,74.1,76.5,33
MDR00043,11,Bahasa Arab,73.9,80.6,39
MDR00043,12,Akidah-Akhlak,73.0,81.6,41
MDR00043,12,Fikih,72.7,77.3,41
MDR00043,12,SKI,71.0,74.8,39
MDR00043,12,Quran-Hadis,74.4,86.3,35
MDR00043,12,Bahasa Arab,69.8,79.3,36
MDR00044,7,Akidah-Akhlak,75.3,84.3,178
MDR00044,7,Fikih,74.9,81.8,183
MDR00044,7,SKI,73.9,91.1,179
MDR00044,7,Quran-Hadis,78.8,87.8,157
MDR00044,7,Bahasa Arab,72.5,80.1,153
MDR00044,8,Akidah-Akhlak,71.0,80.6,153
MDR00044,8,Fikih,75.1,82.9,203
MDR00044,8,SKI,74.8,82.8,196
MDR00044,8,Quran-Hadis,78.3,98.4,175
MDR00044,8,Bahasa Arab,77.9,100,196
MDR00044,9,Akidah-Akhlak,78.9,88.4,181
MDR00044,9,Fikih,80.7,99.9,159
MDR00044,9,SKI,76.7,89.8,185
MDR00044,9,Quran-Hadis,74.7,81.0,185
MDR00044,9,Bahasa Arab,82.6,97.8,193
MDR00045,7,Akidah-Akhlak,76.2,89.1,113
MDR00045,7,Fikih,75.0,88.9,109
MDR00045,7,SKI,75.2,87.9,98
MDR00045,7,Quran-Hadis,79.2,100,117
MDR00045,7,Bahasa Arab,71.8,77.1,100
MDR00045,8,Akidah-Akhlak,75.3,82.5,106
MDR00045,8,Fikih,74.1,76.1,94
MDR00045,8,SKI,73.0,97.1,98
MDR00045,8,Quran-Hadis,76.1,83.6,120
MDR00045,8,Bahasa Arab,72.8,81.1,107
MDR00045,9,Akidah-Akhlak,76.9,96.5,112
MDR00045,9,Fikih,70.3,69.8,122
MDR00045,9,SKI,70.1,70.6,121
MDR00045,9,Quran-Hadis,74.5,90.1,119
MDR00045,9,Bahasa Arab,69.8,80.2,97
MDR00046,1,Akidah-Akhlak,66.8,58.9,22
MDR00046,1,Fikih,66.1,62.3,23
MDR00046,1,SKI,57.8,38.0,25
MDR00046,1,Quran-Hadis,62.6,57.4,20
MDR00046,1,Bahasa Arab,66.6,62.7,24
MDR00046,2,Akidah-Akhlak,64.8,70.3,20
MDR00046,2,Fikih,65.0,65.1,21
MDR00046,2,SKI,60.0,57.3,25
MDR00046,2,Quran-Hadis,64.0,63.0,26
MDR00046,2,Bahasa Arab,69.2,70.9,26
MDR00046,3,Akidah-Akhlak,68.6,69.1,24
MDR00046,3,Fikih,65.0,52.8,22
MDR00046,3,SKI,60.2,40.9,24
MDR00046,3,Quran-Hadis,65.7,70.7,26
MDR00046,3,Bahasa Arab,66.1,57.3,20
MDR00046,4,Akidah-Akhlak,70.9,75.3,23
MDR00046,4,Fikih,60.0,56.5,24
MDR00046,4,SKI,59.6,51.0,25
MDR00046,4,Quran-Hadis,63.3,58.6,22
MDR00046,4,Bahasa Arab,62.6,62.5,26
MDR00046,5,Akidah-Akhlak,66.8,67.5,23
MDR00046,5,Fikih,66.4,65.1,20
MDR00046,5,SKI,56.9,46.3,23
MDR00046,5,Quran-Hadis,63.3,61.2,20
MDR00046,5,Bahasa Arab,64.6,56.6,24
MDR00046,6,Akidah-Akhlak,69.5,78.4,24
MDR00046,6,Fikih,69.8,73.3,20
MDR00046,6,SKI,60.8,52.0,23
MDR00046,6,Quran-Hadis,68.5,75.3,24
MDR00046,6,Bahasa Arab,66.9,67.7,22
MDR00047,1,Akidah-Akhlak,68.1,68.2,35
MDR00047,1,Fikih,68.7,77.6,35
MDR00047,1,SKI,68.9,74.3,37
MDR00047,1,Quran-Hadis,69.5,77.7,32
MDR00047,1,Bahasa Arab,69.5,70.9,36
MDR00047,2,Akidah-Akhlak,69.9,73.2,28
MDR00047,2,Fikih,68.3,72.8,32
MDR00047,2,SKI,66.0,66.4,35
MDR00047,2,Quran-Hadis,66.9,63.1,35
MDR00047,2,Bahasa Arab,67.0,62.8,30
MDR00047,3,Akidah-Akhlak,74.2,85.9,30
MDR00047,3,Fikih,72.3,74.7,35
MDR00047,3,SKI,68.8,74.0,37
MDR00047,3,Quran-Hadis,72.6,81.4,28
MDR00047,3,Bahasa Arab,66.8,69.7,32
MDR00047,4,Akidah-Akhlak,71.1,82.5,31
MDR00047,4,Fikih,67.2,70.8,30
MDR00047,4,SKI,70.5,69.1,35
MDR00047,4,Quran-Hadis,69.5,68.4,30
MDR00047,4,Bahasa Arab,73.5,77.8,31
MDR00047,5,Akidah-Akhlak,69.0,65.3,32
MDR00047,5,Fikih,75.2,90.3,31
MDR00047,5,SKI,66.6,66.6,33
MDR00047,5,Quran-Hadis,71.4,81.5,30
MDR00047,5,Bahasa Arab,71.8,86.6,31
MDR00047,6,Akidah-Akhlak,75.4,82.5,34
MDR00047,6,Fikih,74.9,85.3,30
MDR00047,6,SKI,71.2,68.7,29
MDR00047,6,Quran-Hadis,73.2,83.1,29
MDR00047,6,Bahasa Arab,73.8,86.8,30
MDR00048,10,Akidah-Akhlak,71.8,79.1,66
MDR00048,10,Fikih,67.2,66.1,75
MDR00048,10,SKI,62.5,41.4,83
MDR00048,10,Quran-Hadis,68.4,67.7,75
MDR00048,10,Bahasa Arab,72.1,79.7,65
MDR00048,11,Akidah-Akhlak,77.8,96.9,83
MDR00048,11,Fikih,68.0,69.7,82
MDR00048,11,SKI,67.7,69.9,70
MDR00048,11,Quran-Hadis,70.2,69.6,62
MDR00048,11,Bahasa Arab,77.1,88.6,78
MDR00048,12,Akidah-Akhlak,68.9,67.7,66
MDR00048,12,Fikih,61.7,49.0,70
MDR00048,12,SKI,69.7,61.9,67
MDR00048,12,Quran-Hadis,69.8,77.0,67
MDR00048,12,Bahasa Arab,66.7,78.1,80
MDR00049,1,Akidah-Akhlak,67.8,69.7,35
MDR00049,1,Fikih,77.3,91.8,33
MDR00049,1,SKI,66.8,70.3,29
MDR00049,1,Quran-Hadis,66.5,68.7,30
MDR00049,1,Bahasa Arab,67.1,62.1,29
MDR00049,2,Akidah-Akhlak,67.3,60.5,30
MDR00049,2,Fikih,68.0,65.7,27
MDR00049,2,SKI,61.1,57.1,35
MDR00049,2,Quran-Hadis,72.1,81.0,27
MDR00049,2,Bahasa Arab,70.4,68.9,27
MDR00049,3,Akidah-Akhlak,68.3,73.1,27
MDR00049,3,Fikih,72.1,75.9,30
MDR00049,3,SKI,64.8,57.4,31
MDR00049,3,Quran-Hadis,67.7,69.5,33
MDR00049,3,Bahasa Arab,76.4,97.8,29
MDR00049,4,Akidah-Akhlak,73.5,88.9,30
MDR00049,4,Fikih,68.6,70.7,29
MDR00049,4,SKI,72.9,85.7,35
MDR00049,4,Quran-Hadis,69.2,72.3,34
MDR00049,4,Bahasa Arab,72.0,89.3,32
MDR00049,5,Akidah-Akhlak,66.0,61.6,32
MDR00049,5,Fikih,67.1,68.4,30
MDR00049,5,SKI,67.7,70.5,27
MDR00049,5,Quran-Hadis,72.2,82.8,36
MDR00049,5,Bahasa Arab,69.8,75.6,27
MDR00049,6,Akidah-Akhlak,71.3,81.0,31
MDR00049,6,Fikih,70.2,80.5,31
MDR00049,6,SKI,64.8,63.3,31
MDR00049,6,Quran-Hadis,62.6,47.8,34
MDR00049,6,Bahasa Arab,67.7,72.6,32
MDR00050,10,Akidah-Akhlak,66.6,63.5,95
MDR00050,10,Fikih,69.4,81.5,108
MDR00050,10,SKI,64.3,56.7,106
MDR00050,10,Quran-Hadis,72.0,83.5,90
MDR00050,10,Bahasa Arab,71.6,70.9,99
MDR00050,11,Akidah-Akhlak,69.4,76.3,103
MDR00050,11,Fikih,65.0,64.5,100
MDR00050,11,SKI,72.2,84.7,99
MDR00050,11,Quran-Hadis,70.7,81.0,92
MDR00050,11,Bahasa Arab,68.7,83.6,90
MDR00050,12,Akidah-Akhlak,75.0,80.7,114
MDR00050,12,Fikih,73.6,86.6,111
MDR00050,12,SKI,70.7,76.5,91
MDR00050,12,Quran-Hadis,71.8,79.3,99
MDR00050,12,Bahasa Arab,65.9,61.1,87
MDR00051,1,Akidah-Akhlak,73.5,89.5,25
MDR00051,1,Fikih,66.5,68.9,25
MDR00051,1,SKI,69.6,70.2,21
MDR00051,1,Quran-Hadis,69.0,74.9,23
MDR00051,1,Bahasa Arab,67.5,67.6,26
MDR00051,2,Akidah-Akhlak,68.6,67.4,23
MDR00051,2,Fikih,74.2,85.3,26
MDR00051,2,SKI,63.0,65.5,26
MDR00051,2,Quran-Hadis,72.3,85.8,26
MDR00051,2,Bahasa Arab,66.8,64.2,27
MDR00051,3,Akidah-Akhlak,69.9,73.4,27
MDR00051,3,Fikih,72.3,73.6,21
MDR00051,3,SKI,69.5,70.4,25
MDR00051,3,Quran-Hadis,71.4,80.8,24
MDR00051,3,Bahasa Arab,69.6,76.8,27
MDR00051,4,Akidah-Akhlak,77.6,95.0,23
MDR00051,4,Fikih,67.9,68.8,26
MDR00051,4,SKI,67.5,73.8,27
MDR00051,4,Quran-Hadis,75.6,85.2,21
MDR00051,4,Bahasa Arab,67.6,75.3,23
MDR00051,5,Akidah-Akhlak,67.8,72.1,24
MDR00051,5,Fikih,64.5,63.0,26
MDR00051,5,SKI,70.1,75.4,22
MDR00051,5,Quran-Hadis,70.1,71.0,27
MDR00051,5,Bahasa Arab,71.3,76.9,27
MDR00051,6,Akidah-Akhlak,67.5,61.9,26
MDR00051,6,Fikih,68.3,67.2,24
MDR00051,6,SKI,68.1,72.2,25
MDR00051,6,Quran-Hadis,73.7,89.0,21
MDR00051,6,Bahasa Arab,68.4,61.9,25
MDR00052,1,Akidah-Akhlak,80.5,100,36
MDR00052,1,Fikih,73.6,79.3,46
MDR00052,1,SKI,76.5,91.3,38
MDR00052,1,Quran-Hadis,79.0,100,37
MDR00052,1,Bahasa Arab,77.7,94.4,40
MDR00052,2,Akidah-Akhlak,81.0,99.9,37
MDR00052,2,Fikih,84.5,100,46
MDR00052,2,SKI,79.1,93.3,44
MDR00052,2,Quran-Hadis,79.9,93.7,35
MDR00052,2,Bahasa Arab,80.3,96.6,41
MDR00052,3,Akidah-Akhlak,83.8,100,44
MDR00052,3,Fikih,84.8,100,42
MDR00052,3,SKI,72.6,75.7,42
MDR00052,3,Quran-Hadis,81.7,96.2,35
MDR00052,3,Bahasa Arab,80.1,100,46
MDR00052,4,Akidah-Akhlak,81.1,100,45
MDR00052,4,Fikih,81.4,100,45
MDR00052,4,SKI,77.6,99.8,41
MDR00052,4,Quran-Hadis,80.0,88.3,43
MDR00052,4,Bahasa Arab,73.5,81.7,45
MDR00052,5,Akidah-Akhlak,79.8,96.7,37
MDR00052,5,Fikih,79.6,100,44
MDR00052,5,SKI,78.7,99.5,37
MDR00052,5,Quran-Hadis,82.4,100,40
MDR00052,5,Bahasa Arab,81.3,96.3,44
MDR00052,6,Akidah-Akhlak,78.1,91.1,35
MDR00052,6,Fikih,78.0,100,36
MDR00052,6,SKI,82.0,100,38
MDR00052,6,Quran-Hadis,84.8,100,42
MDR00052,6,Bahasa Arab,78.7,94.3,42
MDR00053,7,Akidah-Akhlak,84.5,100,92
MDR00053,7,Fikih,85.5,100,101
MDR00053,7,SKI,82.7,100,86
MDR00053,7,Quran-Hadis,84.6,100,77
MDR00053,7,Bahasa Arab,83.8,100,99
MDR00053,8,Akidah-Akhlak,87.7,100,96
MDR00053,8,Fikih,85.5,100,100
MDR00053,8,SKI,83.6,94.7,79
MDR00053,8,Quran-Hadis,84.6,100,80
MDR00053,8,Bahasa Arab,90.1,100,94
MDR00053,9,Akidah-Akhlak,87.6,100,84
MDR00053,9,Fikih,83.7,100,99
MDR00053,9,SKI,82.5,100,92
MDR00053,9,Quran-Hadis,87.0,100,90
MDR00053,9,Bahasa Arab,84.8,100,83
MDR00054,7,Akidah-Akhlak,76.1,97.8,188
MDR00054,7,Fikih,69.9,75.0,172
MDR00054,7,SKI,69.7,82.8,155
MDR00054,7,Quran-Hadis,70.8,77.0,176
MDR00054,7,Bahasa Arab,69.1,69.0,174
MDR00054,8,Akidah-Akhlak,69.9,78.0,189
MDR00054,8,Fikih,72.3,77.5,152
MDR00054,8,SKI,68.5,66.3,162
MDR00054,8,Quran-Hadis,68.9,69.8,163
MDR00054,8,Bahasa Arab,65.9,72.2,151
MDR00054,9,Akidah-Akhlak,73.0,88.1,141
MDR00054,9,Fikih,71.9,78.5,175
MDR00054,9,SKI,66.0,66.6,161
MDR00054,9,Quran-Hadis,67.4,62.0,184
MDR00054,9,Bahasa Arab,71.7,77.7,187
MDR00055,1,Akidah-Akhlak,79.5,98.9,22
MDR00055,1,Fikih,75.6,91.5,21
MDR00055,1,SKI,79.6,100,26
MDR00055,1,Quran-Hadis,84.3,100,26
MDR00055,1,Bahasa Arab,76.5,91.3,24
MDR00055,2,Akidah-Akhlak,76.2,87.1,22
MDR00055,2,Fikih,72.0,81.0,23
MDR00055,2,SKI,74.7,89.8,27
MDR00055,2,Quran-Hadis,75.1,85.2,23
MDR00055,2,Bahasa Arab,75.4,88.8,27
MDR00055,3,Akidah-Akhlak,78.4,93.0,27
MDR00055,3,Fikih,81.7,100,25
MDR00055,3,SKI,68.8,73.6,24
MDR00055,3,Quran-Hadis,77.3,90.6,26
MDR00055,3,Bahasa Arab,77.0,88.4,27
MDR00055,4,Akidah-Akhlak,78.9,97.8,22
MDR00055,4,Fikih,74.8,90.3,24
MDR00055,4,SKI,74.7,87.4,23
MDR00055,4,Quran-Hadis,81.7,100,28
MDR00055,4,Bahasa Arab,82.2,97.5,24
MDR00055,5,Akidah-Akhlak,79.6,100,24
MDR00055,5,Fikih,81.2,100,24
MDR00055,5,SKI,78.9,97.8,25
MDR00055,5,Quran-Hadis,76.3,90.4,28
MDR00055,5,Bahasa Arab,78.3,93.1,28
MDR00055,6,Akidah-Akhlak,78.8,89.8,26
MDR00055,6,Fikih,81.1,100,27
MDR00055,6,SKI,73.6,87.3,24
MDR00055,6,Quran-Hadis,78.4,100,25
MDR00055,6,Bahasa Arab,75.7,76.9,24
MDR00056,7,Akidah-Akhlak,82.1,100,105
MDR00056,7,Fikih,83.1,100,120
MDR00056,7,SKI,79.9,95.7,115
MDR00056,7,Quran-Hadis,80.3,100,109
MDR00056,7,Bahasa Arab,77.0,91.3,122
MDR00056,8,Akidah-Akhlak,81.1,100,118
MDR00056,8,Fikih,78.9,100,125
MDR00056,8,SKI,76.8,88.5,127
MDR00056,8,Quran-Hadis,78.5,96.2,100
MDR00056,8,Bahasa Arab,74.1,82.3,122
MDR00056,9,Akidah-Akhlak,75.0,85.2,114
MDR00056,9,Fikih,81.2,100,116
MDR00056,9,SKI,79.5,100,106
MDR00056,9,Quran-Hadis,77.3,83.1,129
MDR00056,9,Bahasa Arab,81.8,100,121
MDR00057,1,Akidah-Akhlak,77.7,93.1,17
MDR00057,1,Fikih,79.5,90.3,17
MDR00057,1,SKI,78.8,93.0,15
MDR00057,1,Quran-Hadis,79.1,98.3,16
MDR00057,1,Bahasa Arab,83.4,100,14
MDR00057,2,Akidah-Akhlak,83.8,100,17
MDR00057,2,Fikih,78.2,96.2,18
MDR00057,2,SKI,75.4,92.2,16
MDR00057,2,Quran-Hadis,78.6,96.7,18
MDR00057,2,Bahasa Arab,77.2,94.0,15
MDR00057,3,Akidah-Akhlak,78.7,97.6,17
MDR00057,3,Fikih,77.4,91.2,18
MDR00057,3,SKI,76.6,91.8,16
MDR00057,3,Quran-Hadis,78.8,94.1,15
MDR00057,3,Bahasa Arab,70.7,75.9,15
MDR00057,4,Akidah-Akhlak,80.0,93.5,17
MDR00057,4,Fikih,77.8,100,14
MDR00057,4,SKI,81.2,98.9,17
MDR00057,4,Quran-Hadis,83.4,100,17
MDR00057,4,Bahasa Arab,76.4,97.9,14
MDR00057,5,Akidah-Akhlak,78.4,99.5,18
MDR00057,5,Fikih,78.4,93.5,14
MDR00057,5,SKI,77.9,88.8,15
MDR00057,5,Quran-Hadis,82.5,100,14
MDR00057,5,Bahasa Arab,76.1,88.4,16
MDR00057,6,Akidah-Akhlak,81.5,100,18
MDR00057,6,Fikih,79.7,95.7,14
MDR00057,6,SKI,74.2,87.8,14
MDR00057,6,Quran-Hadis,84.4,100,17
MDR00057,6,Bahasa Arab,73.1,85.2,16
MDR00058,1,Akidah-Akhlak,76.1,95.1,24
MDR00058,1,Fikih,71.4,84.8,22
MDR00058,1,SKI,73.2,92.7,21
MDR00058,1,Quran-Hadis,76.5,97.0,25
MDR00058,1,Bahasa Arab,72.9,83.7,22
MDR00058,2,Akidah-Akhlak,69.8,78.8,22
MDR00058,2,Fikih,70.8,85.3,24
MDR00058,2,SKI,70.4,73.5,25
MDR00058,2,Quran-Hadis,76.4,94.3,25
MDR00058,2,Bahasa Arab,75.3,84.7,21
MDR00058,3,Akidah-Akhlak,76.9,86.5,22
MDR00058,3,Fikih,69.9,71.6,27
MDR00058,3,SKI,77.3,91.7,26
MDR00058,3,Quran-Hadis,73.7,81.6,25
MDR00058,3,Bahasa Arab,76.0,93.6,22
MDR00058,4,Akidah-Akhlak,74.5,87.8,24
MDR00058,4,Fikih,74.7,90.4,22
MDR00058,4,SKI,70.9,77.0,24
MDR00058,4,Quran-Hadis,74.6,91.7,23
MDR00058,4,Bahasa Arab,70.2,75.6,22
MDR00058,5,Akidah-Akhlak,76.4,88.9,25
MDR00058,5,Fikih,75.7,90.3,25
MDR00058,5,SKI,71.9,81.4,26
MDR00058,5,Quran-Hadis,75.5,87.5,25
MDR00058,5,Bahasa Arab,75.0,85.6,23
MDR00058,6,Akidah-Akhlak,77.5,98.6,21
MDR00058,6,Fikih,73.6,79.0,27
MDR00058,6,SKI,73.2,83.3,26
MDR00058,6,Quran-Hadis,70.4,77.0,27
MDR00058,6,Bahasa Arab,82.0,100,22
MDR00059,7,Akidah-Akhlak,70.1,81.2,32
MDR00059,7,Fikih,72.8,81.4,36
MDR00059,7,SKI,67.6,70.8,32
MDR00059,7,Quran-Hadis,74.1,84.9,31
MDR00059,7,Bahasa Arab,71.5,85.1,32
MDR00059,8,Akidah-Akhlak,68.0,64.4,31
MDR00059,8,Fikih,65.0,69.6,37
MDR00059,8,SKI,72.8,86.3,29
MDR00059,8,Quran-Hadis,69.5,65.6,33
MDR00059,8,Bahasa Arab,66.7,66.2,35
MDR00059,9,Akidah-Akhlak,70.8,76.1,33
MDR00059,9,Fikih,74.3,84.3,37
MDR00059,9,SKI,72.1,80.6,29
MDR00059,9,Quran-Hadis,76.0,88.7,33
MDR00059,9,Bahasa Arab,67.0,76.1,32
MDR00060,7,Akidah-Akhlak,61.6,55.1,95
MDR00060,7,Fikih,62.2,60.0,88
MDR00060,7,SKI,53.8,31.8,78
MDR00060,7,Quran-Hadis,58.7,45.7,76
MDR00060,7,Bahasa Arab,51.1,27.2,91
MDR00060,8,Akidah-Akhlak,59.9,54.1,95
MDR00060,8,Fikih,63.4,61.2,98
MDR00060,8,SKI,59.3,49.0,78
MDR00060,8,Quran-Hadis,65.6,65.2,84
MDR00060,8,Bahasa Arab,54.1,39.4,80
MDR00060,9,Akidah-Akhlak,57.9,34.4,80
MDR00060,9,Fikih,55.2,35.0,90
MDR00060,9,SKI,53.4,34.4,75
MDR00060,9,Quran-Hadis,58.6,44.2,87
MDR00060,9,Bahasa Arab,57.3,39.2,76
MDR00061,1,Akidah-Akhlak,73.1,87.7,31
MDR00061,1,Fikih,66.8,69.3,34
MDR00061,1,SKI,68.7,69.6,35
MDR00061,1,Quran-Hadis,69.9,70.3,32
MDR00061,1,Bahasa Arab,68.3,58.4,27
MDR00061,2,Akidah-Akhlak,69.1,74.2,33
MDR00061,2,Fikih,66.4,63.3,32
MDR00061,2,SKI,68.9,68.5,27
MDR00061,2,Quran-Hadis,67.2,61.4,26
MDR00061,2,Bahasa Arab,66.0,71.2,26
MDR00061,3,Akidah-Akhlak,70.2,71.2,32
MDR00061,3,Fikih,65.6,59.2,31
MDR00061,3,SKI,67.7,69.3,34
MDR00061,3,Quran-Hadis,68.2,82.2,31
MDR00061,3,Bahasa Arab,63.3,55.7,34
MDR00061,4,Akidah-Akhlak,76.5,92.8,27
MDR00061,4,Fikih,73.3,85.8,32
MDR00061,4,SKI,72.5,80.8,32
MDR00061,4,Quran-Hadis,69.6,71.8,32
MDR00061,4,Bahasa Arab,65.7,55.3,29
MDR00061,5,Akidah-Akhlak,74.0,83.4,27
MDR00061,5,Fikih,63.7,58.9,31
MDR00061,5,SKI,58.0,44.0,35
MDR00061,5,Quran-Hadis,70.3,75.9,30
MDR00061,5,Bahasa Arab,72.8,83.0,26
MDR00061,6,Akidah-Akhlak,74.0,86.5,32
MDR00061,6,Fikih,68.7,67.6,34
MDR00061,6,SKI,75.5,95.1,26
MDR00061,6,Quran-Hadis,74.7,83.2,30
MDR00061,6,Bahasa Arab,74.9,78.3,28
MDR00062,7,Akidah-Akhlak,76.2,84.2,62
MDR00062,7,Fikih,76.6,92.9,62
MDR00062,7,SKI,71.4,80.3,77
MDR00062,7,Quran-Hadis,73.4,85.2,68
MDR00062,7,Bahasa Arab,75.8,85.6,65
MDR00062,8,Akidah-Akhlak,71.9,78.8,58
MDR00062,8,Fikih,74.7,85.3,60
MDR00062,8,SKI,78.1,91.0,66
MDR00062,8,Quran-Hadis,67.6,61.7,64
MDR00062,8,Bahasa Arab,72.2,82.1,75
MDR00062,9,Akidah-Akhlak,73.3,78.7,68
MDR00062,9,Fikih,68.1,68.5,74
MDR00062,9,SKI,70.2,74.8,65
MDR00062,9,Quran-Hadis,73.4,82.1,59
MDR00062,9,Bahasa Arab,74.4,86.3,77
MDR00063,7,Akidah-Akhlak,78.5,94.6,68
MDR00063,7,Fikih,76.1,94.9,77
MDR00063,7,SKI,79.2,100,81
MDR00063,7,Quran-Hadis,78.5,87.7,80
MDR00063,7,Bahasa Arab,73.5,74.5,80
MDR00063,8,Akidah-Akhlak,79.2,100,66
MDR00063,8,Fikih,80.1,100,69
MDR00063,8,SKI,76.0,88.5,73
MDR00063,8,Quran-Hadis,82.0,100,77
MDR00063,8,Bahasa Arab,74.0,100,79
MDR00063,9,Akidah-Akhlak,79.3,94.7,72
MDR00063,9,Fikih,77.4,86.3,74
MDR00063,9,SKI,80.4,99.9,67
MDR00063,9,Quran-Hadis,78.7,100,70
MDR00063,9,Bahasa Arab,74.8,96.0,64
MDR00064,7,Akidah-Akhlak,75.2,80.1,72
MDR00064,7,Fikih,75.3,85.1,58
MDR00064,7,SKI,73.2,92.1,75
MDR00064,7,Quran-Hadis,72.8,76.5,72
MDR00064,7,Bahasa Arab,73.9,89.0,72
MDR00064,8,Akidah-Akhlak,77.4,100,62
MDR00064,8,Fikih,73.0,91.8,68
MDR00064,8,SKI,67.1,83.5,67
MDR00064,8,Quran-Hadis,75.6,89.0,71
MDR00064,8,Bahasa Arab,75.6,93.6,73
MDR00064,9,Akidah-Akhlak,74.7,84.6,69
MDR00064,9,Fikih,74.8,89.1,62
MDR00064,9,SKI,72.9,73.6,57
MDR00064,9,Quran-Hadis,74.9,90.9,63
MDR00064,9,Bahasa Arab,71.2,75.1,60
MDR00065,1,Akidah-Akhlak,76.9,97.1,22
MDR00065,1,Fikih,76.5,90.4,24
MDR00065,1,SKI,71.7,77.2,23
MDR00065,1,Quran-Hadis,72.7,85.8,24
MDR00065,1,Bahasa Arab,75.1,78.3,23
MDR00065,2,Akidah-Akhlak,70.8,81.3,24
MDR00065,2,Fikih,76.3,92.8,24
MDR00065,2,SKI,71.5,75.2,23
MDR00065,2,Quran-Hadis,70.0,73.0,27
MDR00065,2,Bahasa Arab,72.1,88.4,25
MDR00065,3,Akidah-Akhlak,74.8,87.3,22
MDR00065,3,Fikih,71.4,78.5,26
MDR00065,3,SKI,68.0,74.7,23
MDR00065,3,Quran-Hadis,77.4,99.4,27
MDR00065,3,Bahasa Arab,71.6,83.4,23
MDR00065,4,Akidah-Akhlak,72.7,79.3,26
MDR00065,4,Fikih,73.3,81.3,21
MDR00065,4,SKI,71.9,78.3,24
MDR00065,4,Quran-Hadis,74.3,81.9,21
MDR00065,4,Bahasa Arab,70.9,71.2,21
MDR00065,5,Akidah-Akhlak,73.7,79.5,20
MDR00065,5,Fikih,73.9,84.6,21
MDR00065,5,SKI,68.7,71.3,28
MDR00065,5,Quran-Hadis,74.6,86.5,26
MDR00065,5,Bahasa Arab,71.1,76.6,24
MDR00065,6,Akidah-Akhlak,67.8,76.1,21
MDR00065,6,Fikih,76.7,93.2,21
MDR00065,6,SKI,71.9,76.6,27
MDR00065,6,Quran-Hadis,71.1,81.7,22
MDR00065,6,Bahasa Arab,72.7,84.9,23
MDR00066,1,Akidah-Akhlak,67.8,67.9,5
MDR00066,1,Fikih,73.0,78.9,7
MDR00066,1,SKI,67.3,64.4,6
MDR00066,1,Quran-Hadis,69.2,76.0,6
MDR00066,1,Bahasa Arab,65.9,67.1,7
MDR00066,2,Akidah-Akhlak,76.5,87.5,7
MDR00066,2,Fikih,67.4,69.6,6
MDR00066,2,SKI,68.0,62.7,7
MDR00066,2,Quran-Hadis,75.1,89.7,6
MDR00066,2,Bahasa Arab,72.3,86.6,7
MDR00066,3,Akidah-Akhlak,70.9,83.8,7
MDR00066,3,Fikih,65.8,59.0,5
MDR00066,3,SKI,69.6,63.9,6
MDR00066,3,Quran-Hadis,71.1,74.3,6
MDR00066,3,Bahasa Arab,68.2,68.2,7
MDR00066,4,Akidah-Akhlak,67.2,68.3,6
MDR00066,4,Fikih,67.2,70.6,7
MDR00066,4,SKI,69.3,69.1,6
MDR00066,4,Quran-Hadis,73.8,94.8,6
MDR00066,4,Bahasa Arab,71.0,66.1,7
MDR00066,5,Akidah-Akhlak,71.9,83.9,6
MDR00066,5,Fikih,70.4,73.0,6
MDR00066,5,SKI,72.8,86.9,6
MDR00066,5,Quran-Hadis,73.1,81.5,7
MDR00066,5,Bahasa Arab,71.4,91.5,6
MDR00066,6,Akidah-Akhlak,65.7,58.4,6
MDR00066,6,Fikih,67.9,75.0,7
MDR00066,6,SKI,68.5,75.4,7
MDR00066,6,Quran-Hadis,70.7,82.4,7
MDR00066,6,Bahasa Arab,70.5,66.0,7
MDR00067,1,Akidah-Akhlak,78.9,94.5,26
MDR00067,1,Fikih,76.2,92.7,29
MDR00067,1,SKI,74.3,78.6,29
MDR00067,1,Quran-Hadis,75.7,93.0,32
MDR00067,1,Bahasa Arab,77.3,94.5,26
MDR00067,2,Akidah-Akhlak,75.6,86.3,31
MDR00067,2,Fikih,71.5,80.4,32
MDR00067,2,SKI,74.4,91.0,32
MDR00067,2,Quran-Hadis,79.3,98.6,30
MDR00067,2,Bahasa Arab,79.4,98.2,29
MDR00067,3,Akidah-Akhlak,70.3,81.8,26
MDR00067,3,Fikih,74.9,87.3,32
MDR00067,3,SKI,78.1,100,27
MDR00067,3,Quran-Hadis,74.6,83.3,26
MDR00067,3,Bahasa Arab,78.0,96.4,33
MDR00067,4,Akidah-Akhlak,76.2,87.7,28
MDR00067,4,Fikih,81.1,100,29
MDR00067,4,SKI,74.4,79.6,25
MDR00067,4,Quran-Hadis,78.8,96.9,31
MDR00067,4,Bahasa Arab,80.7,98.6,29
MDR00067,5,Akidah-Akhlak,78.8,95.1,28
MDR00067,5,Fikih,76.3,92.5,29
MDR00067,5,SKI,69.8,72.0,27
MDR00067,5,Quran-Hadis,78.2,99.3,29
MDR00067,5,Bahasa Arab,74.9,93.9,27
MDR00067,6,Akidah-Akhlak,83.5,100,26
MDR00067,6,Fikih,76.1,88.5,33
MDR00067,6,SKI,76.4,82.7,29
MDR00067,6,Quran-Hadis,76.2,95.4,25
MDR00067,6,Bahasa Arab,78.7,94.7,33
MDR00068,10,Akidah-Akhlak,77.8,100,81
MDR00068,10,Fikih,75.3,84.2,101
MDR00068,10,SKI,76.4,96.5,97
MDR00068,10,Quran-Hadis,75.8,94.0,103
MDR00068,10,Bahasa Arab,67.1,67.4,87
MDR00068,11,Akidah-Akhlak,77.4,91.0,81
MDR00068,11,Fikih,74.3,82.9,100
MDR00068,11,SKI,77.3,100,80
MDR00068,11,Quran-Hadis,80.1,100,79
MDR00068,11,Bahasa Arab,70.5,65.9,100
MDR00068,12,Akidah-Akhlak,81.7,100,96
MDR00068,12,Fikih,80.2,100,78
MDR00068,12,SKI,74.5,88.4,95
MDR00068,12,Quran-Hadis,76.7,84.3,91
MDR00068,12,Bahasa Arab,78.4,100,81
MDR00069,1,Akidah-Akhlak,70.9,86.3,18
MDR00069,1,Fikih,71.5,77.2,19
MDR00069,1,SKI,63.2,58.2,21
MDR00069,1,Quran-Hadis,70.5,71.8,20
MDR00069,1,Bahasa Arab,69.6,75.7,18
MDR00069,2,Akidah-Akhlak,72.7,89.1,22
MDR00069,2,Fikih,69.2,83.6,19
MDR00069,2,SKI,71.0,74.7,20
MDR00069,2,Quran-Hadis,72.6,81.3,19
MDR00069,2,Bahasa Arab,68.5,71.6,23
MDR00069,3,Akidah-Akhlak,72.1,85.7,18
MDR00069,3,Fikih,68.6,71.1,22
MDR00069,3,SKI,66.8,68.3,21
MDR00069,3,Quran-Hadis,67.7,67.0,22
MDR00069,3,Bahasa Arab,66.3,64.0,19
MDR00069,4,Akidah-Akhlak,76.3,95.5,18
MDR00069,4,Fikih,74.4,80.4,21
MDR00069,4,SKI,68.5,72.3,23
MDR00069,4,Quran-Hadis,70.8,82.1,23
MDR00069,4,Bahasa Arab,72.3,83.6,21
MDR00069,5,Akidah-Akhlak,67.9,73.2,18
MDR00069,5,Fikih,71.8,71.0,20
MDR00069,5,SKI,71.0,69.1,23
MDR00069,5,Quran-Hadis,69.9,68.3,22
MDR00069,5,Bahasa Arab,74.9,95.9,18
MDR00069,6,Akidah-Akhlak,81.5,98.8,22
MDR00069,6,Fikih,74.1,84.3,19
MDR00069,6,SKI,68.7,75.4,22
MDR00069,6,Quran-Hadis,71.7,79.5,23
MDR00069,6,Bahasa Arab,69.3,72.0,19
MDR00070,7,Akidah-Akhlak,70.2,80.7,42
MDR00070,7,Fikih,70.0,69.0,45
MDR00070,7,SKI,67.0,71.2,42
MDR00070,7,Quran-Hadis,71.7,77.6,37
MDR00070,7,Bahasa Arab,70.3,68.6,41
MDR00070,8,Akidah-Akhlak,65.3,60.6,42
MDR00070,8,Fikih,72.4,70.7,48
MDR00070,8,SKI,67.9,75.8,42
MDR00070,8,Quran-Hadis,67.6,67.0,49
MDR00070,8,Bahasa Arab,70.9,74.2,38
MDR00070,9,Akidah-Akhlak,66.5,66.2,41
MDR00070,9,Fikih,68.0,66.5,44
MDR00070,9,SKI,64.4,59.8,43
MDR00070,9,Quran-Hadis,69.5,61.0,49
MDR00070,9,Bahasa Arab,70.5,66.6,45
MDR00071,7,Akidah-Akhlak,64.4,63.1,53
MDR00071,7,Fikih,59.9,56.3,47
MDR00071,7,SKI,65.9,60.9,47
MDR00071,7,Quran-Hadis,64.7,64.7,50
MDR00071,7,Bahasa Arab,66.6,66.8,53
MDR00071,8,Akidah-Akhlak,69.6,66.1,53
MDR00071,8,Fikih,63.1,56.2,48
MDR00071,8,SKI,58.5,41.6,51
MDR00071,8,Quran-Hadis,65.8,60.1,43
MDR00071,8,Bahasa Arab,62.3,52.4,54
MDR00071,9,Akidah-Akhlak,66.5,64.7,42
MDR00071,9,Fikih,64.6,60.5,50
MDR00071,9,SKI,63.5,62.1,50
MDR00071,9,Quran-Hadis,65.5,67.3,47
MDR00071,9,Bahasa Arab,65.3,61.7,49
MDR00072,1,Akidah-Akhlak,80.9,99.0,29
MDR00072,1,Fikih,83.5,100,29
MDR00072,1,SKI,76.8,95.9,31
MDR00072,1,Quran-Hadis,75.5,95.6,27
MDR00072,1,Bahasa Arab,79.2,92.5,28
MDR00072,2,Akidah-Akhlak,81.4,100,31
MDR00072,2,Fikih,83.2,100,28
MDR00072,2,SKI,74.3,81.3,29
MDR00072,2,Quran-Hadis,84.2,100,26
MDR00072,2,Bahasa Arab,75.7,91.9,33
MDR00072,3,Akidah-Akhlak,78.7,95.8,34
MDR00072,3,Fikih,80.8,97.3,32
MDR00072,3,SKI,76.6,89.1,30
MDR00072,3,Quran-Hadis,75.9,91.6,33
MDR00072,3,Bahasa Arab,81.1,100,28
MDR00072,4,Akidah-Akhlak,82.2,97.6,34
MDR00072,4,Fikih,85.8,100,29
MDR00072,4,SKI,79.2,91.7,32
MDR00072,4,Quran-Hadis,80.4,100,31
MDR00072,4,Bahasa Arab,80.8,97.8,27
MDR00072,5,Akidah-Akhlak,81.2,100,28
MDR00072,5,Fikih,75.1,83.0,30
MDR00072,5,SKI,81.3,100,30
MDR00072,5,Quran-Hadis,73.1,80.0,28
MDR00072,5,Bahasa Arab,81.1,100,28
MDR00072,6,Akidah-Akhlak,81.1,99.4,32
MDR00072,6,Fikih,73.7,80.4,27
MDR00072,6,SKI,75.5,84.2,31
MDR00072,6,Quran-Hadis,78.5,95.9,27
MDR00072,6,Bahasa Arab,78.5,93.7,28
MDR00073,1,Akidah-Akhlak,73.1,76.9,23
MDR00073,1,Fikih,70.0,79.7,24
MDR00073,1,SKI,65.2,58.4,23
MDR00073,1,Quran-Hadis,72.9,84.5,24
MDR00073,1,Bahasa Arab,70.9,70.1,25
MDR00073,2,Akidah-Akhlak,75.7,84.7,25
MDR00073,2,Fikih,72.5,78.5,23
MDR00073,2,SKI,66.2,66.9,23
MDR00073,2,Quran-Hadis,65.3,70.8,25
MDR00073,2,Bahasa Arab,78.1,98.0,23
MDR00073,3,Akidah-Akhlak,72.1,76.8,23
MDR00073,3,Fikih,70.0,86.6,22
MDR00073,3,SKI,67.6,68.4,23
MDR00073,3,Quran-Hadis,73.3,75.7,24
MDR00073,3,Bahasa Arab,67.8,74.1,25
MDR00073,4,Akidah-Akhlak,75.1,89.7,23
MDR00073,4,Fikih,68.5,73.0,20
MDR00073,4,SKI,72.5,74.8,24
MDR00073,4,Quran-Hadis,66.8,69.0,25
MDR00073,4,Bahasa Arab,63.7,58.1,19
MDR00073,5,Akidah-Akhlak,73.4,84.0,25
MDR00073,5,Fikih,74.9,85.6,21
MDR00073,5,SKI,69.5,83.5,21
MDR00073,5,Quran-Hadis,75.1,92.1,20
MDR00073,5,Bahasa Arab,73.3,69.9,23
MDR00073,6,Akidah-Akhlak,70.2,78.1,21
MDR00073,6,Fikih,70.4,75.8,21
MDR00073,6,SKI,74.8,84.4,25
MDR00073,6,Quran-Hadis,70.1,79.5,22
MDR00073,6,Bahasa Arab,69.8,81.2,22
MDR00074,1,Akidah-Akhlak,79.7,90.2,28
MDR00074,1,Fikih,82.6,100,21
MDR00074,1,SKI,74.4,80.0,24
MDR00074,1,Quran-Hadis,81.6,100,25
MDR00074,1,Bahasa Arab,71.9,79.9,21
MDR00074,2,Akidah-Akhlak,82.9,100,24
MDR00074,2,Fikih,79.1,100,22
MDR00074,2,SKI,78.2,86.3,23
MDR00074,2,Quran-Hadis,81.2,100,21
MDR00074,2,Bahasa Arab,74.3,89.1,28
MDR00074,3,Akidah-Akhlak,78.6,94.5,22
MDR00074,3,Fikih,76.3,94.5,25
MDR00074,3,SKI,75.5,82.9,24
MDR00074,3,Quran-Hadis,82.6,100,26
MDR00074,3,Bahasa Arab,83.8,100,26
MDR00074,4,Akidah-Akhlak,77.7,90.6,23
MDR00074,4,Fikih,79.8,98.9,22
MDR00074,4,SKI,71.4,74.0,26
MDR00074,4,Quran-Hadis,78.9,100,28
MDR00074,4,Bahasa Arab,77.0,84.6,22
MDR00074,5,Akidah-Akhlak,77.8,100,25
MDR00074,5,Fikih,79.5,98.8,28
MDR00074,5,SKI,76.3,88.5,26
MDR00074,5,Quran-Hadis,80.2,100,22
MDR00074,5,Bahasa Arab,74.2,88.7,22
MDR00074,6,Akidah-Akhlak,79.1,100,27
MDR00074,6,Fikih,77.2,87.5,28
MDR00074,6,SKI,75.4,84.5,26
MDR00074,6,Quran-Hadis,80.2,94.5,25
MDR00074,6,Bahasa Arab,73.7,79.3,23
MDR00075,1,Akidah-Akhlak,75.8,94.3,25
MDR00075,1,Fikih,72.7,87.8,32
MDR00075,1,SKI,79.7,98.3,24
MDR00075,1,Quran-Hadis,74.2,83.4,29
MDR00075,1,Bahasa Arab,77.5,91.0,28
MDR00075,2,Akidah-Akhlak,74.6,79.5,32
MDR00075,2,Fikih,74.8,80.1,31
MDR00075,2,SKI,79.1,94.7,28
MDR00075,2,Quran-Hadis,75.2,83.1,31
MDR00075,2,Bahasa Arab,73.6,90.9,30
MDR00075,3,Akidah-Akhlak,77.7,91.7,29
MDR00075,3,Fikih,75.2,94.1,30
MDR00075,3,SKI,75.1,80.5,31
MDR00075,3,Quran-Hadis,75.7,91.9,29
MDR00075,3,Bahasa Arab,72.9,84.7,31
MDR00075,4,Akidah-Akhlak,86.0,100,31
MDR00075,4,Fikih,80.6,100,31
MDR00075,4,SKI,73.3,79.6,27
MDR00075,4,Quran-Hadis,79.2,96.5,25
MDR00075,4,Bahasa Arab,76.9,87.0,24
MDR00075,5,Akidah-Akhlak,75.5,93.6,29
MDR00075,5,Fikih,84.4,100,31
MDR00075,5,SKI,73.3,91.5,30
MDR00075,5,Quran-Hadis,79.9,100,26
MDR00075,5,Bahasa Arab,71.1,70.6,25
MDR00075,6,Akidah-Akhlak,77.6,94.5,25
MDR00075,6,Fikih,78.4,95.5,29
MDR00075,6,SKI,73.0,88.7,30
MDR00075,6,Quran-Hadis,75.9,97.1,26
MDR00075,6,Bahasa Arab,74.3,95.3,24
MDR00076,10,Akidah-Akhlak,62.9,56.9,30
MDR00076,10,Fikih,62.4,49.9,27
MDR00076,10,SKI,64.7,63.8,34
MDR00076,10,Quran-Hadis,61.0,47.1,28
MDR00076,10,Bahasa Arab,61.8,47.7,28
MDR00076,11,Akidah-Akhlak,57.8,40.9,27
MDR00076,11,Fikih,63.3,49.1,31
MDR00076,11,SKI,64.6,63.4,29
MDR00076,11,Quran-Hadis,64.8,62.9,31
MDR00076,11,Bahasa Arab,60.0,50.9,35
MDR00076,12,Akidah-Akhlak,61.1,46.3,27
MDR00076,12,Fikih,63.1,56.8,29
MDR00076,12,SKI,63.4,49.2,34
MDR00076,12,Quran-Hadis,58.6,48.9,29
MDR00076,12,Bahasa Arab,60.6,45.3,33
MDR00077,7,Akidah-Akhlak,57.8,46.9,103
MDR00077,7,Fikih,58.5,39.8,110
MDR00077,7,SKI,55.6,42.2,86
MDR00077,7,Quran-Hadis,54.6,37.8,100
MDR00077,7,Bahasa Arab,58.0,48.7,92
MDR00077,8,Akidah-Akhlak,58.6,57.8,89
MDR00077,8,Fikih,57.5,50.3,110
MDR00077,8,SKI,53.8,39.5,93
MDR00077,8,Quran-Hadis,54.7,38.2,86
MDR00077,8,Bahasa Arab,54.3,33.7,112
MDR00077,9,Akidah-Akhlak,59.6,34.8,103
MDR00077,9,Fikih,57.5,46.0,87
MDR00077,9,SKI,55.6,36.3,95
MDR00077,9,Quran-Hadis,53.2,31.7,108
MDR00077,9,Bahasa Arab,55.5,35.4,90
MDR00078,7,Akidah-Akhlak,76.3,93.2,56
MDR00078,7,Fikih,75.8,95.4,45
MDR00078,7,SKI,69.8,71.6,49
MDR00078,7,Quran-Hadis,76.3,92.0,48
MDR00078,7,Bahasa Arab,76.0,88.9,55
MDR00078,8,Akidah-Akhlak,80.6,100,59
MDR00078,8,Fikih,70.6,69.8,59
MDR00078,8,SKI,71.5,80.0,55
MDR00078,8,Quran-Hadis,71.3,76.1,48
MDR00078,8,Bahasa Arab,72.5,76.6,53
MDR00078,9,Akidah-Akhlak,74.2,75.7,55
MDR00078,9,Fikih,70.7,83.7,46
MDR00078,9,SKI,73.5,75.8,46
MDR00078,9,Quran-Hadis,78.9,92.6,56
MDR00078,9,Bahasa Arab,70.6,76.5,51
MDR00079,7,Akidah-Akhlak,63.6,63.6,83
MDR00079,7,Fikih,62.9,47.1,93
MDR00079,7,SKI,62.5,56.8,80
MDR00079,7,Quran-Hadis,59.7,47.7,103
MDR00079,7,Bahasa Arab,66.9,72.0,91
MDR00079,8,Akidah-Akhlak,66.5,64.0,93
MDR00079,8,Fikih,62.2,56.7,98
MDR00079,8,SKI,63.6,60.6,104
MDR00079,8,Quran-Hadis,64.1,61.9,83
MDR00079,8,Bahasa Arab,65.0,62.8,104
MDR00079,9,Akidah-Akhlak,63.4,58.6,83
MDR00079,9,Fikih,63.3,61.7,98
MDR00079,9,SKI,64.0,60.8,91
MDR00079,9,Quran-Hadis,63.5,67.2,86
MDR00079,9,Bahasa Arab,69.4,75.2,85
MDR00080,1,Akidah-Akhlak,76.1,90.2,33
MDR00080,1,Fikih,66.3,68.8,33
MDR00080,1,SKI,72.4,87.1,28
MDR00080,1,Quran-Hadis,76.0,93.6,29
MDR00080,1,Bahasa Arab,77.7,95.3,31
MDR00080,2,Akidah-Akhlak,72.0,82.6,35
MDR00080,2,Fikih,71.3,63.5,32
MDR00080,2,SKI,73.3,85.3,32
MDR00080,2,Quran-Hadis,72.5,81.8,32
MDR00080,2,Bahasa Arab,69.7,66.1,31
MDR00080,3,Akidah-Akhlak,72.8,77.1,30
MDR00080,3,Fikih,78.1,92.8,33
MDR00080,3,SKI,69.6,87.1,30
MDR00080,3,Quran-Hadis,78.9,97.6,29
MDR00080,3,Bahasa Arab,73.3,80.6,30
MDR00080,4,Akidah-Akhlak,74.6,85.1,28
MDR00080,4,Fikih,73.6,75.4,36
MDR00080,4,SKI,73.9,88.2,36
MDR00080,4,Quran-Hadis,77.6,97.0,27
MDR00080,4,Bahasa Arab,73.8,80.4,34
MDR00080,5,Akidah-Akhlak,76.7,92.8,27
MDR00080,5,Fikih,69.3,69.6,30
MDR00080,5,SKI,68.5,64.2,27
MDR00080,5,Quran-Hadis,72.5,76.2,33
MDR00080,5,Bahasa Arab,74.0,93.3,35
MDR00080,6,Akidah-Akhlak,72.3,87.6,32
MDR00080,6,Fikih,73.2,79.0,27
MDR00080,6,SKI,74.8,83.9,36
MDR00080,6,Quran-Hadis,73.0,80.0,32
MDR00080,6,Bahasa Arab,73.5,85.8,34
MDR00081,1,Akidah-Akhlak,76.7,100,40
MDR00081,1,Fikih,73.8,77.7,49
MDR00081,1,SKI,69.6,77.7,50
MDR00081,1,Quran-Hadis,73.7,86.5,53
MDR00081,1,Bahasa Arab,70.1,73.9,53
MDR00081,2,Akidah-Akhlak,73.8,83.5,50
MDR00081,2,Fikih,67.8,69.1,43
MDR00081,2,SKI,68.8,79.4,44
MDR00081,2,Quran-Hadis,74.6,83.2,44
MDR00081,2,Bahasa Arab,72.8,85.8,48
MDR00081,3,Akidah-Akhlak,76.7,96.3,48
MDR00081,3,Fikih,71.9,72.9,51
MDR00081,3,SKI,72.6,83.9,46
MDR00081,3,Quran-Hadis,74.9,83.4,42
MDR00081,3,Bahasa Arab,72.6,79.1,48
MDR00081,4,Akidah-Akhlak,75.7,94.0,49
MDR00081,4,Fikih,76.4,95.9,40
MDR00081,4,SKI,71.4,78.0,52
MDR00081,4,Quran-Hadis,76.3,84.3,40
MDR00081,4,Bahasa Arab,72.4,75.0,42
MDR00081,5,Akidah-Akhlak,78.8,100,50
MDR00081,5,Fikih,74.8,93.1,42
MDR00081,5,SKI,72.3,87.7,49
MDR00081,5,Quran-Hadis,75.6,95.2,42
MDR00081,5,Bahasa Arab,74.8,92.2,48
MDR00081,6,Akidah-Akhlak,72.9,88.4,50
MDR00081,6,Fikih,71.8,82.8,49
MDR00081,6,SKI,72.6,81.2,52
MDR00081,6,Quran-Hadis,70.8,72.4,44
MDR00081,6,Bahasa Arab,67.2,63.2,48
MDR00082,7,Akidah-Akhlak,78.7,100,67
MDR00082,7,Fikih,82.1,100,90
MDR00082,7,SKI,79.3,100,82
MDR00082,7,Quran-Hadis,84.9,100,70
MDR00082,7,Bahasa Arab,78.8,95.1,86
MDR00082,8,Akidah-Akhlak,74.9,80.8,87
MDR00082,8,Fikih,79.6,100,89
MDR00082,8,SKI,79.0,100,78
MDR00082,8,Quran-Hadis,83.5,100,81
MDR00082,8,Bahasa Arab,80.0,93.6,73
MDR00082,9,Akidah-Akhlak,84.3,100,72
MDR00082,9,Fikih,74.4,82.6,82
MDR00082,9,SKI,73.4,83.1,73
MDR00082,9,Quran-Hadis,79.6,100,89
MDR00082,9,Bahasa Arab,81.4,100,89
MDR00083,1,Akidah-Akhlak,63.4,61.7,34
MDR00083,1,Fikih,59.5,45.6,33
MDR00083,1,SKI,66.3,68.1,26
MDR00083,1,Quran-Hadis,62.9,53.1,34
MDR00083,1,Bahasa Arab,58.1,41.4,31
MDR00083,2,Akidah-Akhlak,59.9,49.9,33
MDR00083,2,Fikih,61.0,54.8,32
MDR00083,2,SKI,58.5,48.6,29
MDR00083,2,Quran-Hadis,65.7,69.3,33
MDR00083,2,Bahasa Arab,63.7,63.7,29
MDR00083,3,Akidah-Akhlak,62.2,57.4,26
MDR00083,3,Fikih,69.0,72.4,26
MDR00083,3,SKI,53.6,41.6,31
MDR00083,3,Quran-Hadis,63.7,54.2,27
MDR00083,3,Bahasa Arab,65.8,63.4,29
MDR00083,4,Akidah-Akhlak,68.5,77.8,26
MDR00083,4,Fikih,62.2,61.2,29
MDR00083,4,SKI,64.9,65.7,28
MDR00083,4,Quran-Hadis,65.4,66.9,30
MDR00083,4,Bahasa Arab,59.4,44.9,30
MDR00083,5,Akidah-Akhlak,69.7,71.8,26
MDR00083,5,Fikih,58.0,50.3,31
MDR00083,5,SKI,64.4,59.0,34
MDR00083,5,Quran-Hadis,60.6,45.3,27
MDR00083,5,Bahasa Arab,63.7,61.3,29
MDR00083,6,Akidah-Akhlak,65.1,64.5,28
MDR00083,6,Fikih,63.5,63.9,27
MDR00083,6,SKI,61.0,48.8,32
MDR00083,6,Quran-Hadis,67.0,76.5,28
MDR00083,6,Bahasa Arab,64.6,55.3,30
MDR00084,1,Akidah-Akhlak,75.5,88.5,14
MDR00084,1,Fikih,77.3,85.7,16
MDR00084,1,SKI,69.0,73.1,13
MDR00084,1,Quran-Hadis,72.9,81.5,14
MDR00084,1,Bahasa Arab,75.6,82.0,16
MDR00084,2,Akidah-Akhlak,72.5,79.3,16
MDR00084,2,Fikih,74.7,86.9,13
MDR00084,2,SKI,72.5,69.8,13
MDR00084,2,Quran-Hadis,73.3,83.6,14
MDR00084,2,Bahasa Arab,70.1,84.0,16
MDR00084,3,Akidah-Akhlak,71.2,83.9,15
MDR00084,3,Fikih,77.2,94.6,14
MDR00084,3,SKI,67.1,72.5,12
MDR00084,3,Quran-Hadis,66.4,59.9,16
MDR00084,3,Bahasa Arab,68.0,70.2,13
MDR00084,4,Akidah-Akhlak,71.4,74.1,14
MDR00084,4,Fikih,69.1,80.4,14
MDR00084,4,SKI,69.6,70.3,15
MDR00084,4,Quran-Hadis,71.7,77.3,16
MDR00084,4,Bahasa Arab,69.1,77.5,15
MDR00084,5,Akidah-Akhlak,72.7,84.6,16
MDR00084,5,Fikih,71.8,75.7,13
MDR00084,5,SKI,68.8,71.4,14
MDR00084,5,Quran-Hadis,72.7,84.4,13
MDR00084,5,Bahasa Arab,71.1,75.4,16
MDR00084,6,Akidah-Akhlak,74.8,76.6,15
MDR00084,6,Fikih,73.0,81.2,14
MDR00084,6,SKI,72.0,79.0,15
MDR00084,6,Quran-Hadis,72.0,82.1,16
MDR00084,6,Bahasa Arab,69.6,80.3,14
MDR00085,1,Akidah-Akhlak,70.4,82.0,44
MDR00085,1,Fikih,65.3,72.8,45
MDR00085,1,SKI,72.2,77.0,50
MDR00085,1,Quran-Hadis,69.1,74.1,44
MDR00085,1,Bahasa Arab,68.9,77.0,47
MDR00085,2,Akidah-Akhlak,68.5,73.7,44
MDR00085,2,Fikih,66.0,68.1,49
MDR00085,2,SKI,70.2,77.8,56
MDR00085,2,Quran-Hadis,70.5,76.0,45
MDR00085,2,Bahasa Arab,68.5,68.6,44
MDR00085,3,Akidah-Akhlak,71.7,78.0,57
MDR00085,3,Fikih,68.1,69.5,50
MDR00085,3,SKI,63.5,60.4,57
MDR00085,3,Quran-Hadis,70.2,72.8,55
MDR00085,3,Bahasa Arab,73.9,83.5,45
MDR00085,4,Akidah-Akhlak,70.5,80.7,54
MDR00085,4,Fikih,69.8,71.0,56
MDR00085,4,SKI,63.5,60.8,45
MDR00085,4,Quran-Hadis,66.1,70.0,47
MDR00085,4,Bahasa Arab,65.9,62.2,54
MDR00085,5,Akidah-Akhlak,73.4,89.6,50
MDR00085,5,Fikih,72.5,82.1,57
MDR00085,5,SKI,63.2,61.9,45
MDR00085,5,Quran-Hadis,67.8,79.9,46
MDR00085,5,Bahasa Arab,63.1,59.8,45
MDR00085,6,Akidah-Akhlak,66.1,68.1,53
MDR00085,6,Fikih,70.8,72.7,57
MDR00085,6,SKI,64.3,57.2,48
MDR00085,6,Quran-Hadis,64.6,56.9,50
MDR00085,6,Bahasa Arab,67.4,64.3,47
MDR00086,7,Akidah-Akhlak,67.9,62.2,135
MDR00086,7,Fikih,74.4,87.8,109
MDR00086,7,SKI,68.9,69.4,124
MDR00086,7,Quran-Hadis,69.3,71.7,121
MDR00086,7,Bahasa Arab,68.0,82.6,114
MDR00086,8,Akidah-Akhlak,66.1,60.0,117
MDR00086,8,Fikih,68.5,64.7,111
MDR00086,8,SKI,66.2,53.7,126
MDR00086,8,Quran-Hadis,72.3,73.8,120
MDR00086,8,Bahasa Arab,67.2,69.4,123
MDR00086,9,Akidah-Akhlak,70.6,69.2,133
MDR00086,9,Fikih,75.0,87.3,132
MDR00086,9,SKI,67.5,68.9,112
MDR00086,9,Quran-Hadis,71.6,79.9,114
MDR00086,9,Bahasa Arab,70.3,75.8,104
MDR00087,1,Akidah-Akhlak,77.2,92.5,7
MDR00087,1,Fikih,69.4,68.0,7
MDR00087,1,SKI,74.1,86.1,6
MDR00087,1,Quran-Hadis,72.8,73.8,7
MDR00087,1,Bahasa Arab,71.5,72.6,7
MDR00087,2,Akidah-Akhlak,76.3,85.1,8
MDR00087,2,Fikih,74.5,91.0,7
MDR00087,2,SKI,72.3,79.7,7
MDR00087,2,Quran-Hadis,67.7,64.2,8
MDR00087,2,Bahasa Arab,76.2,87.3,8
MDR00087,3,Akidah-Akhlak,74.3,85.4,7
MDR00087,3,Fikih,69.9,76.9,7
MDR00087,3,SKI,71.7,79.3,9
MDR00087,3,Quran-Hadis,73.8,91.7,7
MDR00087,3,Bahasa Arab,70.7,75.1,8
MDR00087,4,Akidah-Akhlak,78.9,98.2,8
MDR00087,4,Fikih,74.3,91.2,9
MDR00087,4,SKI,73.6,89.1,8
MDR00087,4,Quran-Hadis,73.9,84.2,8
MDR00087,4,Bahasa Arab,75.1,80.7,7
MDR00087,5,Akidah-Akhlak,73.1,70.1,9
MDR00087,5,Fikih,69.1,73.3,6
MDR00087,5,SKI,72.4,79.0,8
MDR00087,5,Quran-Hadis,79.3,100,7
MDR00087,5,Bahasa Arab,73.6,97.5,8
MDR00087,6,Akidah-Akhlak,76.9,87.0,7
MDR00087,6,Fikih,73.9,94.8,7
MDR00087,6,SKI,70.9,81.4,8
MDR00087,6,Quran-Hadis,75.4,90.0,7
MDR00087,6,Bahasa Arab,69.2,74.3,9
MDR00088,10,Akidah-Akhlak,78.5,94.8,41
MDR00088,10,Fikih,72.2,76.8,39
MDR00088,10,SKI,79.8,98.2,31
MDR00088,10,Quran-Hadis,77.3,95.4,31
MDR00088,10,Bahasa Arab,80.6,90.6,33
MDR00088,11,Akidah-Akhlak,72.6,80.3,31
MDR00088,11,Fikih,77.1,92.1,37
MDR00088,11,SKI,76.6,94.8,36
MDR00088,11,Quran-Hadis,78.3,99.9,41
MDR00088,11,Bahasa Arab,73.9,82.2,31
MDR00088,12,Akidah-Akhlak,69.5,68.8,38
MDR00088,12,Fikih,74.8,80.0,34
MDR00088,12,SKI,67.4,76.0,35
MDR00088,12,Quran-Hadis,74.1,85.2,33
MDR00088,12,Bahasa Arab,74.4,86.3,40
MDR00089,1,Akidah-Akhlak,71.5,71.7,25
MDR00089,1,Fikih,70.7,64.7,28
MDR00089,1,SKI,73.5,85.3,27
MDR00089,1,Quran-Hadis,76.7,89.0,24
MDR00089,1,Bahasa Arab,73.5,77.5,24
MDR00089,2,Akidah-Akhlak,77.0,95.4,26
MDR00089,2,Fikih,69.2,72.7,27
MDR00089,2,SKI,74.6,80.4,30
MDR00089,2,Quran-Hadis,73.0,79.5,27
MDR00089,2,Bahasa Arab,75.5,91.4,25
MDR00089,3,Akidah-Akhlak,71.1,73.1,30
MDR00089,3,Fikih,74.6,91.4,30
MDR00089,3,SKI,72.3,78.1,29
MDR00089,3,Quran-Hadis,75.7,91.3,29
MDR00089,3,Bahasa Arab,73.7,83.0,30
MDR00089,4,Akidah-Akhlak,76.0,85.6,28
MDR00089,4,Fikih,75.0,85.6,29
MDR00089,4,SKI,77.4,97.5,27
MDR00089,4,Quran-Hadis,81.4,100,30
MDR00089,4,Bahasa Arab,72.3,84.5,28
MDR00089,5,Akidah-Akhlak,74.7,88.2,25
MDR00089,5,Fikih,71.0,83.2,28
MDR00089,5,SKI,74.5,86.0,28
MDR00089,5,Quran-Hadis,78.0,85.1,26
MDR00089,5,Bahasa Arab,73.2,69.9,24
MDR00089,6,Akidah-Akhlak,70.1,73.8,23
MDR00089,6,Fikih,76.8,92.5,30
MDR00089,6,SKI,69.9,77.5,25
MDR00089,6,Quran-Hadis,72.6,76.3,24
MDR00089,6,Bahasa Arab,70.7,76.6,24
MDR00090,1,Akidah-Akhlak,73.7,84.2,37
MDR00090,1,Fikih,74.6,77.2,35
MDR00090,1,SKI,75.2,86.1,29
MDR00090,1,Quran-Hadis,79.1,94.6,30
MDR00090,1,Bahasa Arab,80.6,98.8,35
MDR00090,2,Akidah-Akhlak,75.4,95.8,37
MDR00090,2,Fikih,75.4,82.5,33
MDR00090,2,SKI,73.8,85.0,32
MDR00090,2,Quran-Hadis,74.8,83.0,33
MDR00090,2,Bahasa Arab,76.9,90.0,35
MDR00090,3,Akidah-Akhlak,79.5,95.0,30
MDR00090,3,Fikih,78.1,91.8,33
MDR00090,3,SKI,76.9,92.1,28
MDR00090,3,Quran-Hadis,76.4,91.5,37
MDR00090,3,Bahasa Arab,74.9,91.3,37
MDR00090,4,Akidah-Akhlak,73.6,78.1,35
MDR00090,4,Fikih,77.3,99.4,30
MDR00090,4,SKI,79.5,96.0,31
MDR00090,4,Quran-Hadis,78.7,99.8,34
MDR00090,4,Bahasa Arab,71.8,82.6,31
MDR00090,5,Akidah-Akhlak,77.2,96.3,37
MDR00090,5,Fikih,78.4,94.0,30
MDR00090,5,SKI,72.6,77.4,36
MDR00090,5,Quran-Hadis,74.6,90.7,30
MDR00090,5,Bahasa Arab,70.7,85.8,34
MDR00090,6,Akidah-Akhlak,83.7,100,34
MDR00090,6,Fikih,69.2,80.9,34
MDR00090,6,SKI,80.4,97.6,30
MDR00090,6,Quran-Hadis,80.1,93.4,28
MDR00090,6,Bahasa Arab,78.0,87.9,30
MDR00091,1,Akidah-Akhlak,66.8,60.2,49
MDR00091,1,Fikih,68.5,69.2,42
MDR00091,1,SKI,71.6,67.3,47
MDR00091,1,Quran-Hadis,67.6,71.9,48
MDR00091,1,Bahasa Arab,68.3,68.6,43
MDR00091,2,Akidah-Akhlak,69.8,73.3,43
MDR00091,2,Fikih,69.4,72.2,41
MDR00091,2,SKI,64.3,61.3,43
MDR00091,2,Quran-Hadis,71.5,78.2,39
MDR00091,2,Bahasa Arab,62.4,57.3,42
MDR00091,3,Akidah-Akhlak,69.8,76.9,39
MDR00091,3,Fikih,70.6,79.0,37
MDR00091,3,SKI,66.4,58.3,49
MDR00091,3,Quran-Hadis,71.7,85.7,46
MDR00091,3,Bahasa Arab,69.7,64.5,44
MDR00091,4,Akidah-Akhlak,71.4,74.7,45
MDR00091,4,Fikih,68.2,81.2,45
MDR00091,4,SKI,66.9,65.1,42
MDR00091,4,Quran-Hadis,71.6,81.8,38
MDR00091,4,Bahasa Arab,70.3,73.4,44
MDR00091,5,Akidah-Akhlak,68.1,67.7,40
MDR00091,5,Fikih,70.7,74.6,48
MDR00091,5,SKI,65.4,71.6,49
MDR00091,5,Quran-Hadis,64.6,56.4,45
MDR00091,5,Bahasa Arab,65.9,63.8,36
MDR00091,6,Akidah-Akhlak,74.9,89.3,42
MDR00091,6,Fikih,66.1,65.7,46
MDR00091,6,SKI,66.4,74.7,46
MDR00091,6,Quran-Hadis,71.2,78.0,41
MDR00091,6,Bahasa Arab,73.6,86.1,38
MDR00092,10,Akidah-Akhlak,71.6,81.3,28
MDR00092,10,Fikih,75.5,88.3,23
MDR00092,10,SKI,73.6,80.8,24
MDR00092,10,Quran-Hadis,74.6,87.5,29
MDR00092,10,Bahasa Arab,71.8,72.4,25
MDR00092,11,Akidah-Akhlak,73.7,85.1,26
MDR00092,11,Fikih,74.8,84.9,27
MDR00092,11,SKI,74.4,90.1,27
MDR00092,11,Quran-Hadis,71.5,83.8,27
MDR00092,11,Bahasa Arab,71.1,72.1,25
MDR00092,12,Akidah-Akhlak,73.5,75.7,29
MDR00092,12,Fikih,72.2,81.0,29
MDR00092,12,SKI,76.2,95.6,29
MDR00092,12,Quran-Hadis,76.7,88.6,24
MDR00092,12,Bahasa Arab,72.5,81.5,24
MDR00093,10,Akidah-Akhlak,70.7,73.3,71
MDR00093,10,Fikih,68.4,70.4,67
MDR00093,10,SKI,66.0,69.1,61
MDR00093,10,Quran-Hadis,71.0,82.2,56
MDR00093,10,Bahasa Arab,72.5,82.2,68
MDR00093,11,Akidah-Akhlak,69.7,74.8,63
MDR00093,11,Fikih,66.0,58.5,72
MDR00093,11,SKI,66.8,69.3,59
MDR00093,11,Quran-Hadis,70.2,80.5,65
MDR00093,11,Bahasa Arab,77.2,86.7,59
MDR00093,12,Akidah-Akhlak,67.5,69.1,68
MDR00093,12,Fikih,66.7,77.3,61
MDR00093,12,SKI,65.0,52.5,59
MDR00093,12,Quran-Hadis,74.1,80.9,73
MDR00093,12,Bahasa Arab,75.9,92.3,55
MDR00094,7,Akidah-Akhlak,70.3,74.4,113
MDR00094,7,Fikih,65.8,59.9,94
MDR00094,7,SKI,64.9,63.7,101
MDR00094,7,Quran-Hadis,64.5,66.0,118
MDR00094,7,Bahasa Arab,63.6,67.3,106
MDR00094,8,Akidah-Akhlak,64.1,63.6,121
MDR00094,8,Fikih,67.8,66.3,114
MDR00094,8,SKI,69.2,69.8,92
MDR00094,8,Quran-Hadis,64.0,63.2,97
MDR00094,8,Bahasa Arab,65.9,62.9,94
MDR00094,9,Akidah-Akhlak,72.8,82.5,103
MDR00094,9,Fikih,66.4,65.7,115
MDR00094,9,SKI,68.2,65.6,101
MDR00094,9,Quran-Hadis,65.7,52.9,111
MDR00094,9,Bahasa Arab,65.1,57.4,95
MDR00095,7,Akidah-Akhlak,69.0,67.6,63
MDR00095,7,Fikih,67.6,74.0,66
MDR00095,7,SKI,67.6,65.8,81
MDR00095,7,Quran-Hadis,70.7,85.1,78
MDR00095,7,Bahasa Arab,73.7,82.1,74
MDR00095,8,Akidah-Akhlak,69.4,75.2,67
MDR00095,8,Fikih,74.7,92.1,79
MDR00095,8,SKI,69.6,78.2,76
MDR00095,8,Quran-Hadis,71.3,80.9,70
MDR00095,8,Bahasa Arab,68.5,74.4,66
MDR00095,9,Akidah-Akhlak,66.1,64.9,76
MDR00095,9,Fikih,72.6,80.9,82
MDR00095,9,SKI,77.2,100,63
MDR00095,9,Quran-Hadis,73.5,77.9,75
MDR00095,9,Bahasa Arab,68.5,79.6,72
MDR00096,10,Akidah-Akhlak,87.1,100,98
MDR00096,10,Fikih,84.3,100,86
MDR00096,10,SKI,84.1,100,91
MDR00096,10,Quran-Hadis,86.4,100,85
MDR00096,10,Bahasa Arab,82.9,100,82
MDR00096,11,Akidah-Akhlak,87.4,100,78
MDR00096,11,Fikih,87.4,100,79
MDR00096,11,SKI,77.7,90.1,74
MDR00096,11,Quran-Hadis,85.6,100,85
MDR00096,11,Bahasa Arab,84.8,100,81
MDR00096,12,Akidah-Akhlak,79.8,100,74
MDR00096,12,Fikih,83.3,100,87
MDR00096,12,SKI,84.0,100,89
MDR00096,12,Quran-Hadis,81.3,97.5,83
MDR00096,12,Bahasa Arab,84.4,100,83
MDR00097,1,Akidah-Akhlak,69.9,69.9,31
MDR00097,1,Fikih,72.3,73.4,26
MDR00097,1,SKI,78.6,100,34
MDR00097,1,Quran-Hadis,75.3,86.7,28
MDR00097,1,Bahasa Arab,75.0,90.4,28
MDR00097,2,Akidah-Akhlak,74.5,90.5,34
MDR00097,2,Fikih,74.3,84.9,34
MDR00097,2,SKI,74.3,81.2,26
MDR00097,2,Quran-Hadis,75.3,96.0,32
MDR00097,2,Bahasa Arab,65.3,60.5,29
MDR00097,3,Akidah-Akhlak,75.0,89.2,28
MDR00097,3,Fikih,74.8,86.6,32
MDR00097,3,SKI,72.6,79.2,29
MDR00097,3,Quran-Hadis,74.2,84.5,29
MDR00097,3,Bahasa Arab,73.3,96.6,34
MDR00097,4,Akidah-Akhlak,72.9,83.3,32
MDR00097,4,Fikih,70.1,78.7,26
MDR00097,4,SKI,73.7,87.0,35
MDR00097,4,Quran-Hadis,77.0,100,27
MDR00097,4,Bahasa Arab,69.1,76.3,34
MDR00097,5,Akidah-Akhlak,74.5,89.6,28
MDR00097,5,Fikih,78.9,100,32
MDR00097,5,SKI,71.8,79.3,31
MDR00097,5,Quran-Hadis,79.1,95.5,28
MDR00097,5,Bahasa Arab,73.1,79.2,35
MDR00097,6,Akidah-Akhlak,75.8,82.5,28
MDR00097,6,Fikih,74.4,77.7,33
MDR00097,6,SKI,66.4,66.0,26
MDR00097,6,Quran-Hadis,71.0,75.2,34
MDR00097,6,Bahasa Arab,76.8,85.1,28
MDR00098,7,Akidah-Akhlak,78.6,88.4,72
MDR00098,7,Fikih,73.5,75.9,86
MDR00098,7,SKI,75.8,91.2,93
MDR00098,7,Quran-Hadis,80.4,100,82
MDR00098,7,Bahasa Arab,71.9,81.7,76
MDR00098,8,Akidah-Akhlak,79.4,99.2,88
MDR00098,8,Fikih,78.3,97.8,76
MDR00098,8,SKI,73.4,82.9,80
MDR00098,8,Quran-Hadis,73.2,80.8,74
MDR00098,8,Bahasa Arab,75.8,85.2,86
MDR00098,9,Akidah-Akhlak,80.6,100,78
MDR00098,9,Fikih,73.3,82.8,95
MDR00098,9,SKI,72.3,83.1,74
MDR00098,9,Quran-Hadis,77.3,90.4,90
MDR00098,9,Bahasa Arab,78.4,100,81
MDR00099,7,Akidah-Akhlak,79.2,100,43
MDR00099,7,Fikih,67.9,71.9,46
MDR00099,7,SKI,69.4,76.4,50
MDR00099,7,Quran-Hadis,75.1,92.2,43
MDR00099,7,Bahasa Arab,74.2,77.4,54
MDR00099,8,Akidah-Akhlak,74.7,91.4,43
MDR00099,8,Fikih,73.6,80.2,46
MDR00099,8,SKI,72.6,74.9,43
MDR00099,8,Quran-Hadis,73.3,83.5,53
MDR00099,8,Bahasa Arab,69.9,73.6,50
MDR00099,9,Akidah-Akhlak,75.9,94.2,50
MDR00099,9,Fikih,75.6,92.1,51
MDR00099,9,SKI,76.9,93.3,56
MDR00099,9,Quran-Hadis,75.6,90.7,52
MDR00099,9,Bahasa Arab,72.0,83.3,53
MDR00100,7,Akidah-Akhlak,68.0,73.2,49
MDR00100,7,Fikih,73.0,83.8,56
MDR00100,7,SKI,70.5,79.5,60
MDR00100,7,Quran-Hadis,73.1,85.9,49
MDR00100,7,Bahasa Arab,72.8,80.2,58
MDR00100,8,Akidah-Akhlak,71.4,75.1,62
MDR00100,8,Fikih,69.0,70.2,54
MDR00100,8,SKI,66.2,63.6,59
MDR00100,8,Quran-Hadis,79.3,100,50
MDR00100,8,Bahasa Arab,64.4,62.5,49
MDR00100,9,Akidah-Akhlak,68.0,69.1,53
MDR00100,9,Fikih,68.5,69.0,54
MDR00100,9,SKI,69.6,62.9,57
MDR00100,9,Quran-Hadis,74.8,83.9,57
MDR00100,9,Bahasa Arab,70.0,74.8,57
MDR00101,7,Akidah-Akhlak,83.4,100,88
MDR00101,7,Fikih,75.7,83.5,83
MDR00101,7,SKI,74.0,88.2,89
MDR00101,7,Quran-Hadis,77.4,86.8,91
MDR00101,7,Bahasa Arab,77.2,92.1,92
MDR00101,8,Akidah-Akhlak,78.3,92.3,90
MDR00101,8,Fikih,74.2,91.8,95
MDR00101,8,SKI,72.5,87.7,87
MDR00101,8,Quran-Hadis,79.8,86.7,82
MDR00101,8,Bahasa Arab,71.3,74.5,91
MDR00101,9,Akidah-Akhlak,77.6,99.0,85
MDR00101,9,Fikih,73.2,84.3,76
MDR00101,9,SKI,76.9,95.9,73
MDR00101,9,Quran-Hadis,79.2,92.8,74
MDR00101,9,Bahasa Arab,72.2,80.2,73
MDR00102,1,Akidah-Akhlak,75.5,89.2,36
MDR00102,1,Fikih,76.5,90.7,46
MDR00102,1,SKI,72.8,89.4,41
MDR00102,1,Quran-Hadis,74.7,92.4,44
MDR00102,1,Bahasa Arab,69.9,80.5,37
MDR00102,2,Akidah-Akhlak,71.4,76.6,36
MDR00102,2,Fikih,79.5,99.1,39
MDR00102,2,SKI,71.5,82.6,37
MDR00102,2,Quran-Hadis,73.7,87.1,45
MDR00102,2,Bahasa Arab,71.2,78.8,45
MDR00102,3,Akidah-Akhlak,77.2,99.0,39
MDR00102,3,Fikih,71.2,75.4,44
MDR00102,3,SKI,68.6,74.3,35
MDR00102,3,Quran-Hadis,76.9,97.5,43
MDR00102,3,Bahasa Arab,72.4,75.8,40
MDR00102,4,Akidah-Akhlak,77.3,79.5,36
MDR00102,4,Fikih,74.6,83.0,41
MDR00102,4,SKI,73.3,79.9,42
MDR00102,4,Quran-Hadis,73.5,82.0,46
MDR00102,4,Bahasa Arab,71.8,76.6,37
MDR00102,5,Akidah-Akhlak,75.5,81.8,40
MDR00102,5,Fikih,67.9,67.6,43
MDR00102,5,SKI,68.8,64.3,41
MDR00102,5,Quran-Hadis,74.4,85.8,42
MDR00102,5,Bahasa Arab,74.5,78.9,38
MDR00102,6,Akidah-Akhlak,74.0,93.5,43
MDR00102,6,Fikih,74.5,98.3,43
MDR00102,6,SKI,76.1,88.7,46
MDR00102,6,Quran-Hadis,79.8,100,43
MDR00102,6,Bahasa Arab,66.2,63.8,41
MDR00103,1,Akidah-Akhlak,96.2,100,40
MDR00103,1,Fikih,94.6,100,42
MDR00103,1,SKI,82.4,100,45
MDR00103,1,Quran-Hadis,85.8,100,42
MDR00103,1,Bahasa Arab,84.2,100,41
MDR00103,2,Akidah-Akhlak,91.5,100,46
MDR00103,2,Fikih,90.5,100,48
MDR00103,2,SKI,91.8,100,46
MDR00103,2,Quran-Hadis,98,100,41
MDR00103,2,Bahasa Arab,91.0,100,39
MDR00103,3,Akidah-Akhlak,89.9,100,39
MDR00103,3,Fikih,92.4,100,41
MDR00103,3,SKI,89.5,100,43
MDR00103,3,Quran-Hadis,90.2,100,49
MDR00103,3,Bahasa Arab,93.2,100,42
MDR00103,4,Akidah-Akhlak,94.1,100,49
MDR00103,4,Fikih,91.6,100,38
MDR00103,4,SKI,93.6,100,48
MDR00103,4,Quran-Hadis,84.0,100,42
MDR00103,4,Bahasa Arab,93.8,100,38
MDR00103,5,Akidah-Akhlak,88.9,100,41
MDR00103,5,Fikih,91.0,100,42
MDR00103,5,SKI,90.1,100,42
MDR00103,5,Quran-Hadis,91.3,100,42
MDR00103,5,Bahasa Arab,88.8,100,51
MDR00103,6,Akidah-Akhlak,94.6,100,39
MDR00103,6,Fikih,92.4,100,40
MDR00103,6,SKI,95.4,100,39
MDR00103,6,Quran-Hadis,88.5,100,43
MDR00103,6,Bahasa Arab,91.6,100,52
MDR00104,1,Akidah-Akhlak,79.1,91.1,31
MDR00104,1,Fikih,71.4,82.3,37
MDR00104,1,SKI,77.0,87.6,38
MDR00104,1,Quran-Hadis,78.9,92.5,32
MDR00104,1,Bahasa Arab,72.2,76.3,35
MDR00104,2,Akidah-Akhlak,79.0,98.6,41
MDR00104,2,Fikih,75.0,89.4,36
MDR00104,2,SKI,78.5,93.9,33
MDR00104,2,Quran-Hadis,80.8,100,36
MDR00104,2,Bahasa Arab,72.1,75.7,39
MDR00104,3,Akidah-Akhlak,77.0,92.4,39
MDR00104,3,Fikih,80.9,100,33
MDR00104,3,SKI,71.0,72.9,32
MDR00104,3,Quran-Hadis,79.0,100,38
MDR00104,3,Bahasa Arab,80.0,100,37
MDR00104,4,Akidah-Akhlak,78.0,94.9,37
MDR00104,4,Fikih,79.5,96.3,36
MDR00104,4,SKI,72.9,82.9,35
MDR00104,4,Quran-Hadis,75.3,89.6,41
MDR00104,4,Bahasa Arab,75.9,94.6,35
MDR00104,5,Akidah-Akhlak,77.4,99.1,31
MDR00104,5,Fikih,75.3,95.4,37
MDR00104,5,SKI,77.0,96.7,32
MDR00104,5,Quran-Hadis,81.7,100,34
MDR00104,5,Bahasa Arab,78.6,100,39
MDR00104,6,Akidah-Akhlak,79.7,99.5,41
MDR00104,6,Fikih,74.6,79.9,33
MDR00104,6,SKI,67.7,68.8,31
MDR00104,6,Quran-Hadis,79.3,93.0,41
MDR00104,6,Bahasa Arab,82.7,100,31
MDR00105,1,Akidah-Akhlak,81.5,100,43
MDR00105,1,Fikih,79.5,95.9,52
MDR00105,1,SKI,74.4,90.0,53
MDR00105,1,Quran-Hadis,80.3,96.4,48
MDR00105,1,Bahasa Arab,76.3,94.9,51
MDR00105,2,Akidah-Akhlak,77.9,99.2,44
MDR00105,2,Fikih,79.7,97.3,56
MDR00105,2,SKI,72.0,71.5,51
MDR00105,2,Quran-Hadis,81.1,100,55
MDR00105,2,Bahasa Arab,75.7,92.8,46
MDR00105,3,Akidah-Akhlak,79.6,94.2,57
MDR00105,3,Fikih,77.4,100,53
MDR00105,3,SKI,75.0,94.7,52
MDR00105,3,Quran-Hadis,78.3,88.3,46
MDR00105,3,Bahasa Arab,76.3,88.4,50
MDR00105,4,Akidah-Akhlak,75.7,87.5,51
MDR00105,4,Fikih,78.6,99.7,56
MDR00105,4,SKI,80.0,98.1,51
MDR00105,4,Quran-Hadis,75.9,91.1,55
MDR00105,4,Bahasa Arab,74.6,86.5,55
MDR00105,5,Akidah-Akhlak,84.5,100,54
MDR00105,5,Fikih,79.6,97.8,51
MDR00105,5,SKI,75.9,88.1,50
MDR00105,5,Quran-Hadis,78.9,98.6,46
MDR00105,5,Bahasa Arab,80.3,99.6,44
MDR00105,6,Akidah-Akhlak,77.6,84.8,44
MDR00105,6,Fikih,75.7,89.4,54
MDR00105,6,SKI,74.5,93.8,45
MDR00105,6,Quran-Hadis,81.5,100,53
MDR00105,6,Bahasa Arab,76.9,86.3,57
MDR00106,1,Akidah-Akhlak,72.9,80.0,13
MDR00106,1,Fikih,67.8,68.5,11
MDR00106,1,SKI,70.1,72.9,14
MDR00106,1,Quran-Hadis,73.2,75.2,11
MDR00106,1,Bahasa Arab,70.6,69.6,12
MDR00106,2,Akidah-Akhlak,71.4,85.2,11
MDR00106,2,Fikih,74.2,81.1,13
MDR00106,2,SKI,67.2,70.8,14
MDR00106,2,Quran-Hadis,76.7,92.5,14
MDR00106,2,Bahasa Arab,72.2,87.5,12
MDR00106,3,Akidah-Akhlak,74.6,91.1,13
MDR00106,3,Fikih,71.5,77.9,12
MDR00106,3,SKI,64.2,66.6,11
MDR00106,3,Quran-Hadis,69.3,75.8,11
MDR00106,3,Bahasa Arab,70.9,74.4,12
MDR00106,4,Akidah-Akhlak,72.6,73.5,11
MDR00106,4,Fikih,74.1,85.8,12
MDR00106,4,SKI,72.7,80.9,13
MDR00106,4,Quran-Hadis,75.8,81.0,11
MDR00106,4,Bahasa Arab,75.8,89.8,12
MDR00106,5,Akidah-Akhlak,79.1,98.7,13
MDR00106,5,Fikih,70.9,82.2,11
MDR00106,5,SKI,67.6,75.8,14
MDR00106,5,Quran-Hadis,69.9,72.3,14
MDR00106,5,Bahasa Arab,68.1,72.2,12
MDR00106,6,Akidah-Akhlak,72.5,89.8,13
MDR00106,6,Fikih,70.9,75.8,11
MDR00106,6,SKI,69.0,74.6,11
MDR00106,6,Quran-Hadis,72.2,72.6,12
MDR00106,6,Bahasa Arab,71.2,84.1,14
MDR00107,1,Akidah-Akhlak,76.0,92.0,11
MDR00107,1,Fikih,75.8,93.2,13
MDR00107,1,SKI,79.3,97.7,13
MDR00107,1,Quran-Hadis,76.3,95.6,11
MDR00107,1,Bahasa Arab,75.9,90.4,12
MDR00107,2,Akidah-Akhlak,75.0,87.3,13
MDR00107,2,Fikih,73.3,95.2,12
MDR00107,2,SKI,73.2,78.3,13
MDR00107,2,Quran-Hadis,77.8,100,10
MDR00107,2,Bahasa Arab,77.2,92.4,12
MDR00107,3,Akidah-Akhlak,74.5,88.8,12
MDR00107,3,Fikih,77.2,90.5,10
MDR00107,3,SKI,73.6,83.5,11
MDR00107,3,Quran-Hadis,78.1,92.3,13
MDR00107,3,Bahasa Arab,74.4,84.3,13
MDR00107,4,Akidah-Akhlak,79.0,100,13
MDR00107,4,Fikih,78.0,100,10
MDR00107,4,SKI,83.1,100,13
MDR00107,4,Quran-Hadis,77.4,99.0,11
MDR00107,4,Bahasa Arab,71.6,77.3,13
MDR00107,5,Akidah-Akhlak,81.9,100,10
MDR00107,5,Fikih,78.3,92.4,13
MDR00107,5,SKI,74.4,84.3,10
MDR00107,5,Quran-Hadis,74.9,88.6,12
MDR00107,5,Bahasa Arab,78.9,93.8,13
MDR00107,6,Akidah-Akhlak,78.4,100,10
MDR00107,6,Fikih,78.4,100,10
MDR00107,6,SKI,73.1,91.1,13
MDR00107,6,Quran-Hadis,82.0,100,11
MDR00107,6,Bahasa Arab,70.7,68.3,13
MDR00108,7,Akidah-Akhlak,60.8,51.5,91
MDR00108,7,Fikih,57.6,47.3,113
MDR00108,7,SKI,57.4,41.5,103
MDR00108,7,Quran-Hadis,66.4,61.0,94
MDR00108,7,Bahasa Arab,61.9,55.6,115
MDR00108,8,Akidah-Akhlak,64.1,60.0,95
MDR00108,8,Fikih,62.0,54.1,103
MDR00108,8,SKI,60.0,57.0,117
MDR00108,8,Quran-Hadis,66.9,65.0,96
MDR00108,8,Bahasa Arab,57.7,47.0,102
MDR00108,9,Akidah-Akhlak,60.6,54.6,96
MDR00108,9,Fikih,65.6,62.5,106
MDR00108,9,SKI,61.7,57.4,90
MDR00108,9,Quran-Hadis,63.1,51.6,118
MDR00108,9,Bahasa Arab,62.5,56.4,91
MDR00109,1,Akidah-Akhlak,72.7,91.9,45
MDR00109,1,Fikih,68.1,66.4,42
MDR00109,1,SKI,66.0,70.5,52
MDR00109,1,Quran-Hadis,70.0,76.6,49
MDR00109,1,Bahasa Arab,72.2,77.8,44
MDR00109,2,Akidah-Akhlak,70.3,63.9,47
MDR00109,2,Fikih,72.9,81.3,44
MDR00109,2,SKI,67.7,67.0,44
MDR00109,2,Quran-Hadis,65.1,58.3,41
MDR00109,2,Bahasa Arab,68.8,66.7,40
MDR00109,3,Akidah-Akhlak,72.8,79.4,39
MDR00109,3,Fikih,67.2,67.6,40
MDR00109,3,SKI,66.0,72.1,45
MDR00109,3,Quran-Hadis,70.8,75.5,42
MDR00109,3,Bahasa Arab,71.1,80.8,50
MDR00109,4,Akidah-Akhlak,70.5,75.1,46
MDR00109,4,Fikih,70.9,79.6,40
MDR00109,4,SKI,67.7,75.5,47
MDR00109,4,Quran-Hadis,69.3,71.1,47
MDR00109,4,Bahasa Arab,70.9,82.9,39
MDR00109,5,Akidah-Akhlak,65.4,72.2,50
MDR00109,5,Fikih,74.6,83.5,46
MDR00109,5,SKI,71.7,75.5,41
MDR00109,5,Quran-Hadis,72.1,79.8,43
MDR00109,5,Bahasa Arab,68.2,79.6,45
MDR00109,6,Akidah-Akhlak,73.1,81.1,51
MDR00109,6,Fikih,70.9,71.7,40
MDR00109,6,SKI,66.6,60.6,50
MDR00109,6,Quran-Hadis,67.8,67.6,44
MDR00109,6,Bahasa Arab,67.4,68.2,44
MDR00110,10,Akidah-Akhlak,67.7,67.8,52
MDR00110,10,Fikih,74.0,78.0,53
MDR00110,10,SKI,66.9,66.2,57
MDR00110,10,Quran-Hadis,73.3,91.7,56
MDR00110,10,Bahasa Arab,72.7,79.0,65
MDR00110,11,Akidah-Akhlak,76.4,92.4,69
MDR00110,11,Fikih,66.2,73.8,64
MDR00110,11,SKI,71.4,83.5,64
MDR00110,11,Quran-Hadis,68.7,81.9,66
MDR00110,11,Bahasa Arab,70.0,68.9,64
MDR00110,12,Akidah-Akhlak,69.8,81.9,66
MDR00110,12,Fikih,72.9,88.3,57
MDR00110,12,SKI,69.1,69.1,56
MDR00110,12,Quran-Hadis,70.7,72.3,54
MDR00110,12,Bahasa Arab,66.0,59.8,51
MDR00111,1,Akidah-Akhlak,75.4,82.7,38
MDR00111,1,Fikih,66.9,60.4,38
MDR00111,1,SKI,64.1,59.0,44
MDR00111,1,Quran-Hadis,71.3,82.6,42
MDR00111,1,Bahasa Arab,70.4,69.9,34
MDR00111,2,Akidah-Akhlak,72.1,76.0,36
MDR00111,2,Fikih,68.1,75.5,41
MDR00111,2,SKI,65.8,61.6,42
MDR00111,2,Quran-Hadis,64.3,59.1,39
MDR00111,2,Bahasa Arab,70.8,72.7,39
MDR00111,3,Akidah-Akhlak,67.4,69.0,39
MDR00111,3,Fikih,71.5,75.7,39
MDR00111,3,SKI,67.1,64.7,44
MDR00111,3,Quran-Hadis,67.5,77.4,43
MDR00111,3,Bahasa Arab,67.5,65.7,37
MDR00111,4,Akidah-Akhlak,69.9,73.0,37
MDR00111,4,Fikih,69.6,67.5,38
MDR00111,4,SKI,65.4,52.0,38
MDR00111,4,Quran-Hadis,71.4,84.9,41
MDR00111,4,Bahasa Arab,72.5,84.3,36
MDR00111,5,Akidah-Akhlak,72.3,84.4,43
MDR00111,5,Fikih,72.5,95.3,42
MDR00111,5,SKI,65.2,62.7,44
MDR00111,5,Quran-Hadis,69.0,75.5,39
MDR00111,5,Bahasa Arab,66.7,65.8,43
MDR00111,6,Akidah-Akhlak,71.3,74.0,39
MDR00111,6,Fikih,68.3,59.0,34
MDR00111,6,SKI,64.0,63.1,40
MDR00111,6,Quran-Hadis,73.6,85.0,42
MDR00111,6,Bahasa Arab,64.7,60.0,42
MDR00112,1,Akidah-Akhlak,84.6,100,19
MDR00112,1,Fikih,79.8,95.3,18
MDR00112,1,SKI,84.9,100,17
MDR00112,1,Quran-Hadis,87.7,100,17
MDR00112,1,Bahasa Arab,83.0,100,16
MDR00112,2,Akidah-Akhlak,84.3,100,17
MDR00112,2,Fikih,85.1,100,19
MDR00112,2,SKI,85.6,100,19
MDR00112,2,Quran-Hadis,85.1,100,15
MDR00112,2,Bahasa Arab,84.2,100,18
MDR00112,3,Akidah-Akhlak,76.6,85.4,19
MDR00112,3,Fikih,85.9,100,16
MDR00112,3,SKI,83.5,100,16
MDR00112,3,Quran-Hadis,82.3,100,17
MDR00112,3,Bahasa Arab,80.5,100,18
MDR00112,4,Akidah-Akhlak,84.4,100,19
MDR00112,4,Fikih,88.6,100,19
MDR00112,4,SKI,76.3,93.8,19
MDR00112,4,Quran-Hadis,89.1,100,18
MDR00112,4,Bahasa Arab,80.5,100,16
MDR00112,5,Akidah-Akhlak,87.5,100,16
MDR00112,5,Fikih,80.5,100,16
MDR00112,5,SKI,82.3,100,18
MDR00112,5,Quran-Hadis,89.5,100,19
MDR00112,5,Bahasa Arab,80.5,100,16
MDR00112,6,Akidah-Akhlak,82.7,100,17
MDR00112,6,Fikih,81.3,97.7,17
MDR00112,6,SKI,82.6,100,20
MDR00112,6,Quran-Hadis,80.5,100,19
MDR00112,6,Bahasa Arab,86.3,100,17
MDR00113,7,Akidah-Akhlak,81.9,100,144
MDR00113,7,Fikih,81.4,100,131
MDR00113,7,SKI,84.2,100,150
MDR00113,7,Quran-Hadis,77.2,85.8,167
MDR00113,7,Bahasa Arab,77.8,94.9,156
MDR00113,8,Akidah-Akhlak,82.2,100,133
MDR00113,8,Fikih,82.3,100,142
MDR00113,8,SKI,72.1,82.6,144
MDR00113,8,Quran-Hadis,83.6,100,148
MDR00113,8,Bahasa Arab,71.5,70.6,136
MDR00113,9,Akidah-Akhlak,75.1,86.5,133
MDR00113,9,Fikih,82.0,100,144
MDR00113,9,SKI,79.4,100,135
MDR00113,9,Quran-Hadis,76.5,100,165
MDR00113,9,Bahasa Arab,77.8,93.7,173
MDR00114,7,Akidah-Akhlak,73.3,87.0,41
MDR00114,7,Fikih,76.1,89.7,31
MDR00114,7,SKI,67.1,72.2,37
MDR00114,7,Quran-Hadis,77.1,88.8,40
MDR00114,7,Bahasa Arab,70.5,75.1,31
MDR00114,8,Akidah-Akhlak,68.6,67.0,38
MDR00114,8,Fikih,74.8,88.0,31
MDR00114,8,SKI,73.0,80.6,36
MDR00114,8,Quran-Hadis,71.4,81.3,41
MDR00114,8,Bahasa Arab,73.9,82.0,34
MDR00114,9,Akidah-Akhlak,66.7,71.7,37
MDR00114,9,Fikih,71.5,81.1,37
MDR00114,9,SKI,71.1,76.1,40
MDR00114,9,Quran-Hadis,77.1,95.0,35
MDR00114,9,Bahasa Arab,65.3,68.3,37
MDR00115,1,Akidah-Akhlak,73.6,93.1,19
MDR00115,1,Fikih,74.4,95.9,16
MDR00115,1,SKI,73.7,78.4,16
MDR00115,1,Quran-Hadis,71.8,82.9,16
MDR00115,1,Bahasa Arab,71.0,79.2,17
MDR00115,2,Akidah-Akhlak,70.7,73.2,17
MDR00115,2,Fikih,63.4,64.4,15
MDR00115,2,SKI,72.8,90.2,18
MDR00115,2,Quran-Hadis,71.4,75.4,20
MDR00115,2,Bahasa Arab,72.8,82.7,17
MDR00115,3,Akidah-Akhlak,72.0,81.1,19
MDR00115,3,Fikih,68.0,80.7,19
MDR00115,3,SKI,68.9,71.9,19
MDR00115,3,Quran-Hadis,71.7,82.3,20
MDR00115,3,Bahasa Arab,68.9,72.5,16
MDR00115,4,Akidah-Akhlak,79.2,100,19
MDR00115,4,Fikih,71.1,83.2,17
MDR00115,4,SKI,69.8,72.6,17
MDR00115,4,Quran-Hadis,70.2,68.6,18
MDR00115,4,Bahasa Arab,67.7,64.0,15
MDR00115,5,Akidah-Akhlak,78.8,91.8,16
MDR00115,5,Fikih,72.7,92.8,16
MDR00115,5,SKI,72.5,81.7,17
MDR00115,5,Quran-Hadis,71.6,80.5,17
MDR00115,5,Bahasa Arab,66.0,70.4,16
MDR00115,6,Akidah-Akhlak,71.7,75.0,18
MDR00115,6,Fikih,67.9,66.5,20
MDR00115,6,SKI,67.8,67.8,19
MDR00115,6,Quran-Hadis,67.5,72.3,15
MDR00115,6,Bahasa Arab,68.9,80.3,16
MDR00116,10,Akidah-Akhlak,87.1,100,108
MDR00116,10,Fikih,84.4,100,121
MDR00116,10,SKI,84.0,100,120
MDR00116,10,Quran-Hadis,85.3,100,113
MDR00116,10,Bahasa Arab,82.8,100,108
MDR00116,11,Akidah-Akhlak,91.8,100,116
MDR00116,11,Fikih,88.7,100,112
MDR00116,11,SKI,80.3,100,127
MDR00116,11,Quran-Hadis,84.9,100,99
MDR00116,11,Bahasa Arab,81.8,100,117
MDR00116,12,Akidah-Akhlak,85.5,100,126
MDR00116,12,Fikih,91.3,100,99
MDR00116,12,SKI,82.8,100,116
MDR00116,12,Quran-Hadis,83.1,100,126
MDR00116,12,Bahasa Arab,84.3,100,105
MDR00117,1,Akidah-Akhlak,78.9,94.9,44
MDR00117,1,Fikih,72.3,80.1,36
MDR00117,1,SKI,77.0,84.5,48
MDR00117,1,Quran-Hadis,69.2,69.3,41
MDR00117,1,Bahasa Arab,76.5,95.5,47
MDR00117,2,Akidah-Akhlak,75.4,83.6,47
MDR00117,2,Fikih,72.9,82.6,38
MDR00117,2,SKI,73.9,80.6,38
MDR00117,2,Quran-Hadis,78.4,93.7,42
MDR00117,2,Bahasa Arab,71.0,81.1,45
MDR00117,3,Akidah-Akhlak,77.5,96.7,42
MDR00117,3,Fikih,76.7,86.8,42
MDR00117,3,SKI,73.7,88.1,46
MDR00117,3,Quran-Hadis,82.2,100,47
MDR00117,3,Bahasa Arab,73.3,81.9,41
MDR00117,4,Akidah-Akhlak,74.7,91.8,37
MDR00117,4,Fikih,75.6,88.1,46
MDR00117,4,SKI,70.9,72.0,44
MDR00117,4,Quran-Hadis,78.3,100,44
MDR00117,4,Bahasa Arab,72.5,90.7,46
MDR00117,5,Akidah-Akhlak,77.3,92.8,40
MDR00117,5,Fikih,75.8,89.5,37
MDR00117,5,SKI,71.4,71.4,46
MDR00117,5,Quran-Hadis,73.1,88.2,39
MDR00117,5,Bahasa Arab,72.5,74.8,39
MDR00117,6,Akidah-Akhlak,73.2,81.8,37
MDR00117,6,Fikih,75.0,91.5,39
MDR00117,6,SKI,74.6,86.8,42
MDR00117,6,Quran-Hadis,75.1,94.5,45
MDR00117,6,Bahasa Arab,76.1,82.6,43
MDR00118,7,Akidah-Akhlak,64.6,47.0,79
MDR00118,7,Fikih,67.1,68.8,69
MDR00118,7,SKI,63.9,61.4,78
MDR00118,7,Quran-Hadis,67.2,67.1,84
MDR00118,7,Bahasa Arab,67.4,74.5,73
MDR00118,8,Akidah-Akhlak,72.1,75.1,83
MDR00118,8,Fikih,65.7,68.5,81
MDR00118,8,SKI,68.0,72.1,75
MDR00118,8,Quran-Hadis,69.3,68.4,77
MDR00118,8,Bahasa Arab,65.9,58.2,79
MDR00118,9,Akidah-Akhlak,68.5,64.2,89
MDR00118,9,Fikih,62.9,60.4,74
MDR00118,9,SKI,68.3,65.8,69
MDR00118,9,Quran-Hadis,71.0,75.9,89
MDR00118,9,Bahasa Arab,69.4,76.7,83
MDR00119,1,Akidah-Akhlak,77.0,91.3,21
MDR00119,1,Fikih,82.9,100,23
MDR00119,1,SKI,71.2,80.7,21
MDR00119,1,Quran-Hadis,78.3,95.1,21
MDR00119,1,Bahasa Arab,76.6,91.5,23
MDR00119,2,Akidah-Akhlak,71.7,82.3,21
MDR00119,2,Fikih,81.6,100,22
MDR00119,2,SKI,75.8,85.7,26
MDR00119,2,Quran-Hadis,77.0,91.3,24
MDR00119,2,Bahasa Arab,79.6,100,20
MDR00119,3,Akidah-Akhlak,80.0,99.2,23
MDR00119,3,Fikih,75.6,84.0,22
MDR00119,3,SKI,78.2,100,20
MDR00119,3,Quran-Hadis,78.2,90.7,24
MDR00119,3,Bahasa Arab,76.1,86.9,21
MDR00119,4,Akidah-Akhlak,75.4,84.1,25
MDR00119,4,Fikih,83.5,100,23
MDR00119,4,SKI,69.8,75.3,23
MDR00119,4,Quran-Hadis,80.1,93.1,26
MDR00119,4,Bahasa Arab,83.3,100,23
MDR00119,5,Akidah-Akhlak,80.6,100,21
MDR00119,5,Fikih,77.5,99.3,25
MDR00119,5,SKI,78.4,89.4,24
MDR00119,5,Quran-Hadis,75.7,85.5,25
MDR00119,5,Bahasa Arab,75.2,77.2,22
MDR00119,6,Akidah-Akhlak,82.1,100,25
MDR00119,6,Fikih,76.7,93.3,22
MDR00119,6,SKI,79.9,92.5,25
MDR00119,6,Quran-Hadis,79.1,100,23
MDR00119,6,Bahasa Arab,77.4,82.5,23
MDR00120,1,Akidah-Akhlak,64.3,54.4,17
MDR00120,1,Fikih,60.9,55.4,19
MDR00120,1,SKI,61.0,58.4,19
MDR00120,1,Quran-Hadis,63.0,59.9,17
MDR00120,1,Bahasa Arab,64.2,55.7,15
MDR00120,2,Akidah-Akhlak,65.0,67.1,17
MDR00120,2,Fikih,61.6,56.1,20
MDR00120,2,SKI,61.1,49.3,16
MDR00120,2,Quran-Hadis,65.1,60.3,17
MDR00120,2,Bahasa Arab,60.8,55.0,19
MDR00120,3,Akidah-Akhlak,62.3,54.6,16
MDR00120,3,Fikih,63.4,63.0,17
MDR00120,3,SKI,60.0,54.1,19
MDR00120,3,Quran-Hadis,66.1,65.2,17
MDR00120,3,Bahasa Arab,58.1,49.4,15
MDR00120,4,Akidah-Akhlak,62.5,52.0,15
MDR00120,4,Fikih,66.0,65.6,15
MDR00120,4,SKI,64.8,64.5,18
MDR00120,4,Quran-Hadis,61.6,48.4,20
MDR00120,4,Bahasa Arab,62.6,57.0,16
MDR00120,5,Akidah-Akhlak,66.1,67.0,17
MDR00120,5,Fikih,66.2,63.1,19
MDR00120,5,SKI,61.4,57.2,17
MDR00120,5,Quran-Hadis,68.2,67.4,18
MDR00120,5,Bahasa Arab,62.0,44.0,17
MDR00120,6,Akidah-Akhlak,63.8,77.2,19
MDR00120,6,Fikih,65.6,65.4,18
MDR00120,6,SKI,60.0,52.5,17
MDR00120,6,Quran-Hadis,66.7,69.1,19
MDR00120,6,Bahasa Arab,66.3,75.8,18
MDR00121,7,Akidah-Akhlak,61.8,60.7,114
MDR00121,7,Fikih,62.2,58.9,112
MDR00121,7,SKI,58.6,48.5,126
MDR00121,7,Quran-Hadis,59.8,43.9,123
MDR00121,7,Bahasa Arab,59.9,51.8,128
MDR00121,8,Akidah-Akhlak,57.9,40.3,110
MDR00121,8,Fikih,61.1,41.2,132
MDR00121,8,SKI,61.9,53.7,128
MDR00121,8,Quran-Hadis,64.7,53.0,123
MDR00121,8,Bahasa Arab,59.2,52.1,111
MDR00121,9,Akidah-Akhlak,62.6,49.0,116
MDR00121,9,Fikih,59.4,43.9,136
MDR00121,9,SKI,61.0,57.8,122
MDR00121,9,Quran-Hadis,60.8,55.8,121
MDR00121,9,Bahasa Arab,61.8,43.7,137
MDR00122,1,Akidah-Akhlak,85.4,100,5
MDR00122,1,Fikih,80.5,100,5
MDR00122,1,SKI,75.6,82.9,5
MDR00122,1,Quran-Hadis,80.1,100.0,5
MDR00122,1,Bahasa Arab,77.5,100,5
MDR00122,2,Akidah-Akhlak,85.4,100,5
MDR00122,2,Fikih,79.7,100,5
MDR00122,2,SKI,81.3,100,5
MDR00122,2,Quran-Hadis,80.7,93.1,5
MDR00122,2,Bahasa Arab,73.9,89.0,5
MDR00122,3,Akidah-Akhlak,79.5,100,5
MDR00122,3,Fikih,85.1,100,5
MDR00122,3,SKI,78.2,94.7,5
MDR00122,3,Quran-Hadis,77.6,92.8,5
MDR00122,3,Bahasa Arab,80.8,97.1,5
MDR00122,4,Akidah-Akhlak,78.6,94.0,5
MDR00122,4,Fikih,84.8,100,5
MDR00122,4,SKI,80.4,100,5
MDR00122,4,Quran-Hadis,81.7,100,5
MDR00122,4,Bahasa Arab,82.6,95.3,5
MDR00122,5,Akidah-Akhlak,85.1,100,5
MDR00122,5,Fikih,78.2,100,5
MDR00122,5,SKI,80.3,96.7,5
MDR00122,5,Quran-Hadis,81.8,100,5
MDR00122,5,Bahasa Arab,76.3,89.2,5
MDR00122,6,Akidah-Akhlak,80.7,97.7,5
MDR00122,6,Fikih,85.2,100,5
MDR00122,6,SKI,82.1,100,5
MDR00122,6,Quran-Hadis,82.6,100,5
MDR00122,6,Bahasa Arab,80.3,100,5
MDR00123,1,Akidah-Akhlak,79.5,92.0,35
MDR00123,1,Fikih,80.3,100,41
MDR00123,1,SKI,75.8,92.3,40
MDR00123,1,Quran-Hadis,78.5,100,32
MDR00123,1,Bahasa Arab,74.6,86.3,38
MDR00123,2,Akidah-Akhlak,81.9,100,41
MDR00123,2,Fikih,79.7,98.6,33
MDR00123,2,SKI,79.7,100,38
MDR00123,2,Quran-Hadis,75.7,95.6,34
MDR00123,2,Bahasa Arab,77.4,88.3,41
MDR00123,3,Akidah-Akhlak,77.8,94.1,34
MDR00123,3,Fikih,80.5,100,37
MDR00123,3,SKI,78.9,93.4,41
MDR00123,3,Quran-Hadis,79.5,97.2,36
MDR00123,3,Bahasa Arab,78.3,92.6,32
MDR00123,4,Akidah-Akhlak,77.4,99.0,31
MDR00123,4,Fikih,80.8,94.7,32
MDR00123,4,SKI,76.0,100,35
MDR00123,4,Quran-Hadis,73.5,92.6,41
MDR00123,4,Bahasa Arab,75.8,92.9,34
MDR00123,5,Akidah-Akhlak,82.5,100,32
MDR00123,5,Fikih,72.7,84.8,37
MDR00123,5,SKI,73.7,84.3,32
MDR00123,5,Quran-Hadis,78.8,100,34
MDR00123,5,Bahasa Arab,82.5,100,38
MDR00123,6,Akidah-Akhlak,80.7,98.4,32
MDR00123,6,Fikih,75.2,91.9,32
MDR00123,6,SKI,73.0,79.3,39
MDR00123,6,Quran-Hadis,78.4,93.6,38
MDR00123,6,Bahasa Arab,73.9,97.5,36
MDR00124,1,Akidah-Akhlak,67.5,79.6,42
MDR00124,1,Fikih,65.6,65.4,37
MDR00124,1,SKI,62.7,57.2,41
MDR00124,1,Quran-Hadis,68.1,63.6,41
MDR00124,1,Bahasa Arab,66.3,57.3,40
MDR00124,2,Akidah-Akhlak,67.8,68.3,40
MDR00124,2,Fikih,65.3,64.1,39
MDR00124,2,SKI,66.2,61.8,39
MDR00124,2,Quran-Hadis,69.2,74.5,34
MDR00124,2,Bahasa Arab,61.7,61.5,42
MDR00124,3,Akidah-Akhlak,74.8,85.5,39
MDR00124,3,Fikih,67.7,70.6,38
MDR00124,3,SKI,66.5,68.2,32
MDR00124,3,Quran-Hadis,68.2,66.4,39
MDR00124,3,Bahasa Arab,64.4,63.7,33
MDR00124,4,Akidah-Akhlak,69.0,77.2,33
MDR00124,4,Fikih,68.8,78.4,41
MDR00124,4,SKI,66.7,64.9,32
MDR00124,4,Quran-Hadis,64.2,65.5,35
MDR00124,4,Bahasa Arab,72.3,79.8,37
MDR00124,5,Akidah-Akhlak,69.5,77.5,38
MDR00124,5,Fikih,65.2,60.0,38
MDR00124,5,SKI,60.1,43.9,42
MDR00124,5,Quran-Hadis,68.3,69.9,36
MDR00124,5,Bahasa Arab,65.1,54.8,38
MDR00124,6,Akidah-Akhlak,69.4,69.1,42
MDR00124,6,Fikih,69.8,77.2,42
MDR00124,6,SKI,66.3,63.6,38
MDR00124,6,Quran-Hadis,62.6,52.6,37
MDR00124,6,Bahasa Arab,66.4,67.2,32
MDR00125,7,Akidah-Akhlak,75.9,92.8,93
MDR00125,7,Fikih,76.2,91.8,90
MDR00125,7,SKI,71.9,76.9,87
MDR00125,7,Quran-Hadis,78.0,100,85
MDR00125,7,Bahasa Arab,72.4,74.5,83
MDR00125,8,Akidah-Akhlak,74.6,92.9,90
MDR00125,8,Fikih,74.0,76.6,92
MDR00125,8,SKI,70.7,77.2,78
MDR00125,8,Quran-Hadis,74.4,82.7,72
MDR00125,8,Bahasa Arab,70.3,74.4,72
MDR00125,9,Akidah-Akhlak,69.7,66.7,89
MDR00125,9,Fikih,74.9,84.3,81
MDR00125,9,SKI,73.0,82.7,77
MDR00125,9,Quran-Hadis,75.7,93.0,71
MDR00125,9,Bahasa Arab,73.6,83.5,90
MDR00126,1,Akidah-Akhlak,80.4,100,42
MDR00126,1,Fikih,83.4,100,41
MDR00126,1,SKI,82.7,100,41
MDR00126,1,Quran-Hadis,84.8,100,45
MDR00126,1,Bahasa Arab,81.4,100,39
MDR00126,2,Akidah-Akhlak,86.1,100,37
MDR00126,2,Fikih,76.7,92.8,35
MDR00126,2,SKI,79.3,97.9,41
MDR00126,2,Quran-Hadis,82.9,100,45
MDR00126,2,Bahasa Arab,86.0,100,35
MDR00126,3,Akidah-Akhlak,75.9,91.9,39
MDR00126,3,Fikih,83.3,100,37
MDR00126,3,SKI,75.9,85.8,43
MDR00126,3,Quran-Hadis,81.2,100,39
MDR00126,3,Bahasa Arab,82.5,100,35
MDR00126,4,Akidah-Akhlak,80.2,92.3,39
MDR00126,4,Fikih,79.4,96.3,40
MDR00126,4,SKI,79.6,92.8,39
MDR00126,4,Quran-Hadis,84.1,100,44
MDR00126,4,Bahasa Arab,81.0,100,38
MDR00126,5,Akidah-Akhlak,80.8,100,36
MDR00126,5,Fikih,79.3,100,36
MDR00126,5,SKI,83.8,100,45
MDR00126,5,Quran-Hadis,78.8,93.5,39
MDR00126,5,Bahasa Arab,76.9,90.5,43
MDR00126,6,Akidah-Akhlak,86.2,100,36
MDR00126,6,Fikih,78.8,93.2,45
MDR00126,6,SKI,77.3,95.3,44
MDR00126,6,Quran-Hadis,82.4,100,35
MDR00126,6,Bahasa Arab,81.5,100,40
MDR00127,1,Akidah-Akhlak,74.7,93.1,33
MDR00127,1,Fikih,79.4,100,28
MDR00127,1,SKI,71.2,79.7,33
MDR00127,1,Quran-Hadis,72.4,72.5,34
MDR00127,1,Bahasa Arab,76.3,88.3,30
MDR00127,2,Akidah-Akhlak,80.3,98.8,33
MDR00127,2,Fikih,75.0,86.9,29
MDR00127,2,SKI,73.4,78.5,29
MDR00127,2,Quran-Hadis,74.6,79.0,31
MDR00127,2,Bahasa Arab,78.0,100,29
MDR00127,3,Akidah-Akhlak,81.4,100,27
MDR00127,3,Fikih,77.0,89.0,31
MDR00127,3,SKI,73.9,84.5,31
MDR00127,3,Quran-Hadis,75.7,88.9,26
MDR00127,3,Bahasa Arab,75.0,90.9,33
MDR00127,4,Akidah-Akhlak,80.0,100,25
MDR00127,4,Fikih,76.2,90.8,30
MDR00127,4,SKI,74.0,83.3,26
MDR00127,4,Quran-Hadis,77.3,90.0,32
MDR00127,4,Bahasa Arab,73.0,83.8,27
MDR00127,5,Akidah-Akhlak,81.3,100,30
MDR00127,5,Fikih,76.1,94.0,32
MDR00127,5,SKI,78.8,88.5,33
MDR00127,5,Quran-Hadis,78.8,87.3,32
MDR00127,5,Bahasa Arab,79.1,94.5,31
MDR00127,6,Akidah-Akhlak,79.0,90.9,27
MDR00127,6,Fikih,78.3,95.3,34
MDR00127,6,SKI,77.4,97.6,30
MDR00127,6,Quran-Hadis,74.1,89.6,29
MDR00127,6,Bahasa Arab,78.3,99.1,31
MDR00128,1,Akidah-Akhlak,71.2,71.9,41
MDR00128,1,Fikih,71.7,77.3,39
MDR00128,1,SKI,67.3,70.5,41
MDR00128,1,Quran-Hadis,73.4,82.3,44
MDR00128,1,Bahasa Arab,72.6,76.7,39
MDR00128,2,Akidah-Akhlak,71.0,73.8,42
MDR00128,2,Fikih,69.9,69.5,33
MDR00128,2,SKI,68.6,65.9,36
MDR00128,2,Quran-Hadis,67.7,73.5,44
MDR00128,2,Bahasa Arab,72.0,76.2,42
MDR00128,3,Akidah-Akhlak,68.9,71.9,35
MDR00128,3,Fikih,72.7,75.5,44
MDR00128,3,SKI,71.7,77.4,38
MDR00128,3,Quran-Hadis,71.0,80.2,33
MDR00128,3,Bahasa Arab,77.2,96.8,41
MDR00128,4,Akidah-Akhlak,75.4,95.0,43
MDR00128,4,Fikih,69.6,72.8,37
MDR00128,4,SKI,71.8,83.4,37
MDR00128,4,Quran-Hadis,69.6,79.8,36
MDR00128,4,Bahasa Arab,67.5,71.0,35
MDR00128,5,Akidah-Akhlak,75.0,88.9,36
MDR00128,5,Fikih,68.8,71.2,36
MDR00128,5,SKI,68.8,74.7,40
MDR00128,5,Quran-Hadis,72.4,77.1,38
MDR00128,5,Bahasa Arab,72.1,82.8,40
MDR00128,6,Akidah-Akhlak,66.5,68.1,40
MDR00128,6,Fikih,73.0,80.3,37
MDR00128,6,SKI,67.9,68.8,34
MDR00128,6,Quran-Hadis,67.9,66.0,36
MDR00128,6,Bahasa Arab,70.7,80.9,33
MDR00129,7,Akidah-Akhlak,65.8,58.7,67
MDR00129,7,Fikih,63.0,48.9,80
MDR00129,7,SKI,67.9,61.8,73
MDR00129,7,Quran-Hadis,67.8,67.3,85
MDR00129,7,Bahasa Arab,68.3,72.0,73
MDR00129,8,Akidah-Akhlak,71.5,81.0,79
MDR00129,8,Fikih,70.5,79.7,78
MDR00129,8,SKI,71.7,75.4,67
MDR00129,8,Quran-Hadis,70.3,73.2,81
MDR00129,8,Bahasa Arab,66.4,63.4,66
MDR00129,9,Akidah-Akhlak,73.0,78.7,78
MDR00129,9,Fikih,70.9,78.2,83
MDR00129,9,SKI,65.3,62.3,67
MDR00129,9,Quran-Hadis,70.9,76.8,75
MDR00129,9,Bahasa Arab,68.0,75.0,81
MDR00130,1,Akidah-Akhlak,71.9,79.8,33
MDR00130,1,Fikih,70.3,83.4,30
MDR00130,1,SKI,70.7,70.0,30
MDR00130,1,Quran-Hadis,74.1,77.6,29
MDR00130,1,Bahasa Arab,64.8,60.6,33
MDR00130,2,Akidah-Akhlak,74.2,88.1,32
MDR00130,2,Fikih,72.1,68.5,28
MDR00130,2,SKI,74.4,87.1,28
MDR00130,2,Quran-Hadis,74.8,92.2,31
MDR00130,2,Bahasa Arab,70.3,72.9,27
MDR00130,3,Akidah-Akhlak,70.3,68.6,32
MDR00130,3,Fikih,78.0,98.4,28
MDR00130,3,SKI,65.3,59.4,28
MDR00130,3,Quran-Hadis,72.5,82.8,29
MDR00130,3,Bahasa Arab,60.6,42.1,34
MDR00130,4,Akidah-Akhlak,74.5,83.4,32
MDR00130,4,Fikih,74.0,87.5,30
MDR00130,4,SKI,67.7,69.7,28
MDR00130,4,Quran-Hadis,75.3,91.6,34
MDR00130,4,Bahasa Arab,68.4,73.3,32
MDR00130,5,Akidah-Akhlak,72.2,84.4,30
MDR00130,5,Fikih,67.1,58.8,34
MDR00130,5,SKI,71.2,74.1,34
MDR00130,5,Quran-Hadis,70.6,78.5,31
MDR00130,5,Bahasa Arab,70.5,85.7,30
MDR00130,6,Akidah-Akhlak,69.0,77.1,28
MDR00130,6,Fikih,74.3,97.0,27
MDR00130,6,SKI,68.9,69.4,33
MDR00130,6,Quran-Hadis,77.6,95.9,27
MDR00130,6,Bahasa Arab,70.1,79.6,32
MDR00131,1,Akidah-Akhlak,88.8,100,35
MDR00131,1,Fikih,81.2,100,39
MDR00131,1,SKI,79.9,96.6,43
MDR00131,1,Quran-Hadis,80.1,100,42
MDR00131,1,Bahasa Arab,88.1,100,37
MDR00131,2,Akidah-Akhlak,79.0,100,44
MDR00131,2,Fikih,79.0,98.8,43
MDR00131,2,SKI,81.6,100,37
MDR00131,2,Quran-Hadis,80.1,100,39
MDR00131,2,Bahasa Arab,84.3,100,35
MDR00131,3,Akidah-Akhlak,85.7,100,41
MDR00131,3,Fikih,79.6,100,42
MDR00131,3,SKI,80.7,96.5,45
MDR00131,3,Quran-Hadis,86.4,100,38
MDR00131,3,Bahasa Arab,76.2,83.9,40
MDR00131,4,Akidah-Akhlak,82.4,100,43
MDR00131,4,Fikih,85.0,100,43
MDR00131,4,SKI,79.9,100,36
MDR00131,4,Quran-Hadis,85.0,100,41
MDR00131,4,Bahasa Arab,83.7,100,45
MDR00131,5,Akidah-Akhlak,80.3,98.6,35
MDR00131,5,Fikih,81.7,100,34
MDR00131,5,SKI,75.2,84.2,44
MDR00131,5,Quran-Hadis,83.1,100,43
MDR00131,5,Bahasa Arab,77.9,98.6,36
MDR00131,6,Akidah-Akhlak,82.7,100,39
MDR00131,6,Fikih,86.8,100,36
MDR00131,6,SKI,81.3,100,35
MDR00131,6,Quran-Hadis,82.6,100,41
MDR00131,6,Bahasa Arab,81.1,100,40
MDR00132,1,Akidah-Akhlak,73.4,77.6,54
MDR00132,1,Fikih,72.2,79.6,66
MDR00132,1,SKI,77.1,92.2,65
MDR00132,1,Quran-Hadis,77.2,92.6,58
MDR00132,1,Bahasa Arab,70.6,82.9,64
MDR00132,2,Akidah-Akhlak,76.4,94.0,57
MDR00132,2,Fikih,74.9,89.9,54
MDR00132,2,SKI,76.6,94.6,58
MDR00132,2,Quran-Hadis,78.9,91.2,59
MDR00132,2,Bahasa Arab,78.3,96.6,58
MDR00132,3,Akidah-Akhlak,73.3,80.2,59
MDR00132,3,Fikih,73.6,83.1,64
MDR00132,3,SKI,75.5,91.9,50
MDR00132,3,Quran-Hadis,78.7,98.1,56
MDR00132,3,Bahasa Arab,71.7,84.1,63
MDR00132,4,Akidah-Akhlak,79.6,90.6,49
MDR00132,4,Fikih,74.5,84.5,58
MDR00132,4,SKI,76.8,94.5,52
MDR00132,4,Quran-Hadis,77.5,100,56
MDR00132,4,Bahasa Arab,71.0,87.4,61
MDR00132,5,Akidah-Akhlak,76.3,89.4,52
MDR00132,5,Fikih,77.4,96.3,65
MDR00132,5,SKI,69.1,69.0,57
MDR00132,5,Quran-Hadis,70.3,76.6,52
MDR00132,5,Bahasa Arab,76.2,84.1,66
MDR00132,6,Akidah-Akhlak,74.6,85.5,58
MDR00132,6,Fikih,72.1,77.8,53
MDR00132,6,SKI,72.6,80.4,50
MDR00132,6,Quran-Hadis,75.0,97.0,59
MDR00132,6,Bahasa Arab,73.6,80.2,51
MDR00133,7,Akidah-Akhlak,65.6,63.5,75
MDR00133,7,Fikih,64.9,68.4,80
MDR00133,7,SKI,60.8,46.9,82
MDR00133,7,Quran-Hadis,61.4,60.2,76
MDR00133,7,Bahasa Arab,62.4,55.3,75
MDR00133,8,Akidah-Akhlak,68.4,71.3,93
MDR00133,8,Fikih,61.7,56.6,76
MDR00133,8,SKI,61.2,55.0,86
MDR00133,8,Quran-Hadis,64.2,53.1,75
MDR00133,8,Bahasa Arab,57.9,40.3,86
MDR00133,9,Akidah-Akhlak,58.5,46.7,73
MDR00133,9,Fikih,59.9,53.7,75
MDR00133,9,SKI,65.3,62.9,80
MDR00133,9,Quran-Hadis,60.3,49.2,90
MDR00133,9,Bahasa Arab,58.1,36.8,73
MDR00134,7,Akidah-Akhlak,81.6,100,105
MDR00134,7,Fikih,82.8,100,90
MDR00134,7,SKI,83.1,100,110
MDR00134,7,Quran-Hadis,85.6,100,93
MDR00134,7,Bahasa Arab,79.7,97.8,109
MDR00134,8,Akidah-Akhlak,86.9,100,108
MDR00134,8,Fikih,86.7,100,110
MDR00134,8,SKI,84.1,100,119
MDR00134,8,Quran-Hadis,87.1,100,92
MDR00134,8,Bahasa Arab,83.7,100,91
MDR00134,9,Akidah-Akhlak,83.4,100,119
MDR00134,9,Fikih,82.6,100,118
MDR00134,9,SKI,82.2,100,110
MDR00134,9,Quran-Hadis,88.2,100,120
MDR00134,9,Bahasa Arab,84.2,100,115
MDR00135,7,Akidah-Akhlak,66.6,64.5,133
MDR00135,7,Fikih,66.2,73.5,156
MDR00135,7,SKI,58.4,49.2,141
MDR00135,7,Quran-Hadis,61.2,56.7,128
MDR00135,7,Bahasa Arab,62.8,61.1,145
MDR00135,8,Akidah-Akhlak,61.1,57.4,140
MDR00135,8,Fikih,63.1,67.6,134
MDR00135,8,SKI,63.8,63.7,152
MDR00135,8,Quran-Hadis,60.4,58.7,119
MDR00135,8,Bahasa Arab,56.4,42.8,122
MDR00135,9,Akidah-Akhlak,61.8,51.2,143
MDR00135,9,Fikih,60.3,42.9,159
MDR00135,9,SKI,57.7,43.1,132
MDR00135,9,Quran-Hadis,62.9,57.7,136
MDR00135,9,Bahasa Arab,60.3,58.3,155
MDR00136,7,Akidah-Akhlak,65.6,65.4,111
MDR00136,7,Fikih,72.0,86.8,83
MDR00136,7,SKI,68.2,77.1,110
MDR00136,7,Quran-Hadis,71.1,83.0,103
MDR00136,7,Bahasa Arab,68.8,77.1,99
MDR00136,8,Akidah-Akhlak,68.2,65.6,85
MDR00136,8,Fikih,63.2,52.3,105
MDR00136,8,SKI,77.1,100,100
MDR00136,8,Quran-Hadis,67.0,66.6,91
MDR00136,8,Bahasa Arab,74.3,90.4,101
MDR00136,9,Akidah-Akhlak,68.9,70.1,94
MDR00136,9,Fikih,66.5,65.9,87
MDR00136,9,SKI,67.3,66.9,107
MDR00136,9,Quran-Hadis,72.1,73.1,84
MDR00136,9,Bahasa Arab,67.7,76.4,90
MDR00137,1,Akidah-Akhlak,64.2,57.2,38
MDR00137,1,Fikih,63.6,54.0,36
MDR00137,1,SKI,69.5,75.1,37
MDR00137,1,Quran-Hadis,68.2,73.1,36
MDR00137,1,Bahasa Arab,64.3,64.4,41
MDR00137,2,Akidah-Akhlak,67.4,57.8,41
MDR00137,2,Fikih,66.8,66.0,33
MDR00137,2,SKI,65.0,63.3,36
MDR00137,2,Quran-Hadis,61.1,50.7,37
MDR00137,2,Bahasa Arab,59.6,45.3,38
MDR00137,3,Akidah-Akhlak,62.0,54.7,43
MDR00137,3,Fikih,64.6,55.3,37
MDR00137,3,SKI,53.7,33.6,35
MDR00137,3,Quran-Hadis,63.2,59.1,38
MDR00137,3,Bahasa Arab,60.9,53.1,39
MDR00137,4,Akidah-Akhlak,60.3,45.3,35
MDR00137,4,Fikih,58.9,43.2,41
MDR00137,4,SKI,58.2,44.6,36
MDR00137,4,Quran-Hadis,58.5,42.4,41
MDR00137,4,Bahasa Arab,66.6,61.2,34
MDR00137,5,Akidah-Akhlak,72.5,86.3,43
MDR00137,5,Fikih,63.0,57.8,37
MDR00137,5,SKI,62.3,62.0,37
MDR00137,5,Quran-Hadis,61.7,57.4,38
MDR00137,5,Bahasa Arab,61.7,51.5,35
MDR00137,6,Akidah-Akhlak,64.3,56.6,37
MDR00137,6,Fikih,66.5,77.9,38
MDR00137,6,SKI,62.8,58.8,41
MDR00137,6,Quran-Hadis,66.9,65.5,34
MDR00137,6,Bahasa Arab,66.7,59.9,35
MDR00138,1,Akidah-Akhlak,80.5,98.9,20
MDR00138,1,Fikih,87.6,100,20
MDR00138,1,SKI,83.7,100,20
MDR00138,1,Quran-Hadis,81.3,97.6,19
MDR00138,1,Bahasa Arab,82.2,100,19
MDR00138,2,Akidah-Akhlak,86.0,100,20
MDR00138,2,Fikih,84.9,100,22
MDR00138,2,SKI,76.5,99.6,19
MDR00138,2,Quran-Hadis,86.0,100,19
MDR00138,2,Bahasa Arab,84.6,100,17
MDR00138,3,Akidah-Akhlak,84.0,100,20
MDR00138,3,Fikih,83.5,100,16
MDR00138,3,SKI,84.4,100,19
MDR00138,3,Quran-Hadis,79.5,100,20
MDR00138,3,Bahasa Arab,80.4,98.9,19
MDR00138,4,Akidah-Akhlak,81.8,99.7,20
MDR00138,4,Fikih,78.5,88.8,17
MDR00138,4,SKI,82.7,100,21
MDR00138,4,Quran-Hadis,83.2,97.3,17
MDR00138,4,Bahasa Arab,82.6,100,16
MDR00138,5,Akidah-Akhlak,78.0,97.5,20
MDR00138,5,Fikih,79.9,100,20
MDR00138,5,SKI,82.0,100,21
MDR00138,5,Quran-Hadis,80.6,100,17
MDR00138,5,Bahasa Arab,79.6,94.4,19
MDR00138,6,Akidah-Akhlak,86.3,100,19
MDR00138,6,Fikih,86.1,100,18
MDR00138,6,SKI,81.0,100,19
MDR00138,6,Quran-Hadis,84.5,100,21
MDR00138,6,Bahasa Arab,78.1,97.5,21
MDR00139,1,Akidah-Akhlak,63.9,61.4,15
MDR00139,1,Fikih,62.9,51.2,15
MDR00139,1,SKI,58.9,51.8,14
MDR00139,1,Quran-Hadis,64.3,57.0,18
MDR00139,1,Bahasa Arab,68.5,73.0,15
MDR00139,2,Akidah-Akhlak,63.0,56.1,15
MDR00139,2,Fikih,63.9,62.3,16
MDR00139,2,SKI,64.5,57.7,15
MDR00139,2,Quran-Hadis,65.2,74.2,18
MDR00139,2,Bahasa Arab,69.6,68.2,15
MDR00139,3,Akidah-Akhlak,64.8,51.1,14
MDR00139,3,Fikih,57.0,49.9,16
MDR00139,3,SKI,55.9,37.8,17
MDR00139,3,Quran-Hadis,70.4,77.0,16
MDR00139,3,Bahasa Arab,62.8,55.3,16
MDR00139,4,Akidah-Akhlak,73.5,80.3,17
MDR00139,4,Fikih,65.3,62.4,17
MDR00139,4,SKI,59.9,44.7,17
MDR00139,4,Quran-Hadis,71.2,83.9,15
MDR00139,4,Bahasa Arab,64.5,65.1,18
MDR00139,5,Akidah-Akhlak,64.4,52.1,18
MDR00139,5,Fikih,65.7,51.3,17
MDR00139,5,SKI,58.7,50.9,17
MDR00139,5,Quran-Hadis,62.1,52.5,17
MDR00139,5,Bahasa Arab,62.5,56.4,15
MDR00139,6,Akidah-Akhlak,60.8,53.1,15
MDR00139,6,Fikih,69.0,71.7,14
MDR00139,6,SKI,56.2,44.4,14
MDR00139,6,Quran-Hadis,67.1,63.9,16
MDR00139,6,Bahasa Arab,60.8,63.2,15
MDR00140,1,Akidah-Akhlak,69.5,81.5,8
MDR00140,1,Fikih,72.4,74.6,9
MDR00140,1,SKI,64.0,62.6,8
MDR00140,1,Quran-Hadis,73.3,90.2,9
MDR00140,1,Bahasa Arab,64.4,65.6,7
MDR00140,2,Akidah-Akhlak,67.5,63.8,9
MDR00140,2,Fikih,65.4,64.6,9
MDR00140,2,SKI,68.3,67.3,7
MDR00140,2,Quran-Hadis,71.8,86.2,8
MDR00140,2,Bahasa Arab,68.2,67.6,8
MDR00140,3,Akidah-Akhlak,66.4,64.0,7
MDR00140,3,Fikih,73.5,90.6,8
MDR00140,3,SKI,68.4,78.6,9
MDR00140,3,Quran-Hadis,65.7,62.1,9
MDR00140,3,Bahasa Arab,65.5,64.9,7
MDR00140,4,Akidah-Akhlak,70.7,81.3,8
MDR00140,4,Fikih,65.4,71.4,8
MDR00140,4,SKI,63.6,61.2,9
MDR00140,4,Quran-Hadis,66.9,67.3,7
MDR00140,4,Bahasa Arab,63.8,57.8,9
MDR00140,5,Akidah-Akhlak,70.6,78.4,9
MDR00140,5,Fikih,73.7,86.9,9
MDR00140,5,SKI,64.7,64.6,8
MDR00140,5,Quran-Hadis,65.0,58.2,7
MDR00140,5,Bahasa Arab,68.0,62.3,9
MDR00140,6,Akidah-Akhlak,63.1,57.3,8
MDR00140,6,Fikih,71.3,72.7,8
MDR00140,6,SKI,66.9,70.0,8
MDR00140,6,Quran-Hadis,70.0,77.0,9
MDR00140,6,Bahasa Arab,71.7,76.3,9
MDR00141,7,Akidah-Akhlak,66.6,69.8,100
MDR00141,7,Fikih,67.3,71.3,84
MDR00141,7,SKI,63.5,58.0,86
MDR00141,7,Quran-Hadis,65.5,69.0,89
MDR00141,7,Bahasa Arab,63.8,57.7,111
MDR00141,8,Akidah-Akhlak,64.9,64.3,93
MDR00141,8,Fikih,60.9,55.1,111
MDR00141,8,SKI,62.9,56.0,87
MDR00141,8,Quran-Hadis,64.6,66.0,96
MDR00141,8,Bahasa Arab,60.2,52.5,86
MDR00141,9,Akidah-Akhlak,57.6,45.9,92
MDR00141,9,Fikih,63.6,57.3,105
MDR00141,9,SKI,59.0,43.8,96
MDR00141,9,Quran-Hadis,65.7,62.2,96
MDR00141,9,Bahasa Arab,56.6,38.1,99
MDR00142,7,Akidah-Akhlak,73.7,79.4,90
MDR00142,7,Fikih,83.9,100,105
MDR00142,7,SKI,80.4,93.7,103
MDR00142,7,Quran-Hadis,79.7,100,97
MDR00142,7,Bahasa Arab,80.2,100,99
MDR00142,8,Akidah-Akhlak,78.2,100,98
MDR00142,8,Fikih,82.2,100,93
MDR00142,8,SKI,75.2,93.2,90
MDR00142,8,Quran-Hadis,73.5,85.2,97
MDR00142,8,Bahasa Arab,76.5,100,85
MDR00142,9,Akidah-Akhlak,77.2,91.7,105
MDR00142,9,Fikih,75.5,91.4,87
MDR00142,9,SKI,74.8,94.2,90
MDR00142,9,Quran-Hadis,76.6,88.7,96
MDR00142,9,Bahasa Arab,74.9,84.8,104
MDR00143,7,Akidah-Akhlak,80.9,98.6,117
MDR00143,7,Fikih,76.1,92.9,133
MDR00143,7,SKI,75.5,98.9,136
MDR00143,7,Quran-Hadis,77.8,88.8,120
MDR00143,7,Bahasa Arab,78.6,95.0,131
MDR00143,8,Akidah-Akhlak,76.6,95.2,143
MDR00143,8,Fikih,77.3,95.6,133
MDR00143,8,SKI,72.5,79.0,121
MDR00143,8,Quran-Hadis,79.7,100,140
MDR00143,8,Bahasa Arab,81.0,100,117
MDR00143,9,Akidah-Akhlak,82.0,99.6,116
MDR00143,9,Fikih,75.9,88.3,107
MDR00143,9,SKI,75.0,83.7,136
MDR00143,9,Quran-Hadis,79.1,99.8,138
MDR00143,9,Bahasa Arab,79.5,100,138
MDR00144,7,Akidah-Akhlak,79.8,93.6,131
MDR00144,7,Fikih,78.1,90.4,120
MDR00144,7,SKI,76.0,91.8,120
MDR00144,7,Quran-Hadis,79.6,100,117
MDR00144,7,Bahasa Arab,73.2,75.9,98
MDR00144,8,Akidah-Akhlak,76.6,86.4,98
MDR00144,8,Fikih,79.5,99.7,128
MDR00144,8,SKI,76.0,91.0,122
MDR00144,8,Quran-Hadis,71.8,80.8,98
MDR00144,8,Bahasa Arab,76.9,88.7,115
MDR00144,9,Akidah-Akhlak,76.2,95.5,104
MDR00144,9,Fikih,72.5,77.6,98
MDR00144,9,SKI,76.2,93.5,123
MDR00144,9,Quran-Hadis,76.8,93.5,105
MDR00144,9,Bahasa Arab,78.2,100,99
MDR00145,7,Akidah-Akhlak,81.5,100,97
MDR00145,7,Fikih,84.4,100,97
MDR00145,7,SKI,81.0,99.9,99
MDR00145,7,Quran-Hadis,83.1,100,91
MDR00145,7,Bahasa Arab,80.0,100.0,92
MDR00145,8,Akidah-Akhlak,89.4,100,83
MDR00145,8,Fikih,85.5,100,85
MDR00145,8,SKI,76.9,89.7,84
MDR00145,8,Quran-Hadis,76.5,90.5,81
MDR00145,8,Bahasa Arab,82.9,100,97
MDR00145,9,Akidah-Akhlak,86.2,100,90
MDR00145,9,Fikih,85.5,100,80
MDR00145,9,SKI,83.3,100,79
MDR00145,9,Quran-Hadis,86.5,100,102
MDR00145,9,Bahasa Arab,80.8,93.7,82
MDR00146,1,Akidah-Akhlak,74.5,83.4,27
MDR00146,1,Fikih,72.5,77.3,23
MDR00146,1,SKI,73.7,86.9,28
MDR00146,1,Quran-Hadis,70.7,75.4,26
MDR00146,1,Bahasa Arab,70.8,79.4,23
MDR00146,2,Akidah-Akhlak,71.0,78.3,25
MDR00146,2,Fikih,75.0,91.6,25
MDR00146,2,SKI,68.8,64.5,25
MDR00146,2,Quran-Hadis,74.8,82.5,23
MDR00146,2,Bahasa Arab,77.3,92.5,23
MDR00146,3,Akidah-Akhlak,81.7,100,25
MDR00146,3,Fikih,79.5,100,28
MDR00146,3,SKI,74.9,90.8,27
MDR00146,3,Quran-Hadis,76.2,100,21
MDR00146,3,Bahasa Arab,73.6,94.7,28
MDR00146,4,Akidah-Akhlak,76.4,88.5,26
MDR00146,4,Fikih,68.9,68.2,22
MDR00146,4,SKI,71.5,75.7,27
MDR00146,4,Quran-Hadis,77.0,93.1,28
MDR00146,4,Bahasa Arab,76.6,89.8,27
MDR00146,5,Akidah-Akhlak,74.5,86.0,28
MDR00146,5,Fikih,73.4,88.8,26
MDR00146,5,SKI,72.1,83.2,26
MDR00146,5,Quran-Hadis,74.5,88.4,23
MDR00146,5,Bahasa Arab,79.0,89.9,22
MDR00146,6,Akidah-Akhlak,72.3,84.9,23
MDR00146,6,Fikih,76.9,88.0,24
MDR00146,6,SKI,70.0,72.8,23
MDR00146,6,Quran-Hadis,76.9,95.4,24
MDR00146,6,Bahasa Arab,68.1,82.7,23
MDR00147,10,Akidah-Akhlak,71.5,79.1,128
MDR00147,10,Fikih,70.3,76.1,136
MDR00147,10,SKI,71.7,76.8,142
MDR00147,10,Quran-Hadis,73.2,82.7,138
MDR00147,10,Bahasa Arab,69.2,70.9,137
MDR00147,11,Akidah-Akhlak,72.4,82.1,124
MDR00147,11,Fikih,72.5,91.2,109
MDR00147,11,SKI,68.9,64.9,120
MDR00147,11,Quran-Hadis,73.3,75.0,142
MDR00147,11,Bahasa Arab,69.1,73.8,136
MDR00147,12,Akidah-Akhlak,76.5,87.4,125
MDR00147,12,Fikih,71.2,84.2,109
MDR00147,12,SKI,70.8,86.1,138
MDR00147,12,Quran-Hadis,74.7,92.7,132
MDR00147,12,Bahasa Arab,70.3,80.5,135
MDR00148,7,Akidah-Akhlak,66.4,71.3,98
MDR00148,7,Fikih,67.2,61.8,123
MDR00148,7,SKI,61.5,48.7,114
MDR00148,7,Quran-Hadis,62.4,56.9,117
MDR00148,7,Bahasa Arab,67.5,71.4,110
MDR00148,8,Akidah-Akhlak,59.3,55.3,109
MDR00148,8,Fikih,62.5,56.4,120
MDR00148,8,SKI,60.7,42.6,94
MDR00148,8,Quran-Hadis,62.2,52.1,118
MDR00148,8,Bahasa Arab,65.5,74.9,113
MDR00148,9,Akidah-Akhlak,61.4,49.9,115
MDR00148,9,Fikih,62.2,59.9,118
MDR00148,9,SKI,60.5,54.8,114
MDR00148,9,Quran-Hadis,63.3,56.0,95
MDR00148,9,Bahasa Arab,64.5,58.2,105
MDR00149,10,Akidah-Akhlak,76.9,96.8,41
MDR00149,10,Fikih,71.9,76.1,45
MDR00149,10,SKI,71.7,81.7,37
MDR00149,10,Quran-Hadis,71.1,74.1,43
MDR00149,10,Bahasa Arab,68.7,74.5,43
MDR00149,11,Akidah-Akhlak,75.7,93.7,46
MDR00149,11,Fikih,75.0,88.7,35
MDR00149,11,SKI,75.6,90.0,38
MDR00149,11,Quran-Hadis,67.9,62.9,47
MDR00149,11,Bahasa Arab,73.1,85.1,38
MDR00149,12,Akidah-Akhlak,72.2,75.3,41
MDR00149,12,Fikih,73.4,82.4,40
MDR00149,12,SKI,68.7,73.7,42
MDR00149,12,Quran-Hadis,69.1,73.1,39
MDR00149,12,Bahasa Arab,70.9,66.8,43
MDR00150,1,Akidah-Akhlak,73.7,84.3,56
MDR00150,1,Fikih,63.3,54.8,58
MDR00150,1,SKI,66.0,66.9,56
MDR00150,1,Quran-Hadis,76.2,90.7,65
MDR00150,1,Bahasa Arab,71.9,76.3,55
MDR00150,2,Akidah-Akhlak,68.4,71.0,53
MDR00150,2,Fikih,73.4,87.4,48
MDR00150,2,SKI,69.4,77.1,59
MDR00150,2,Quran-Hadis,71.5,73.7,54
MDR00150,2,Bahasa Arab,74.3,81.2,63
MDR00150,3,Akidah-Akhlak,69.7,83.0,49
MDR00150,3,Fikih,72.0,84.3,49
MDR00150,3,SKI,69.5,73.6,55
MDR00150,3,Quran-Hadis,68.9,77.8,61
MDR00150,3,Bahasa Arab,67.7,74.1,57
MDR00150,4,Akidah-Akhlak,68.7,70.0,59
MDR00150,4,Fikih,71.5,80.2,58
MDR00150,4,SKI,70.1,69.9,53
MDR00150,4,Quran-Hadis,72.1,79.0,50
MDR00150,4,Bahasa Arab,68.7,77.1,49
MDR00150,5,Akidah-Akhlak,73.0,84.3,55
MDR00150,5,Fikih,70.6,69.6,56
MDR00150,5,SKI,71.4,79.8,60
MDR00150,5,Quran-Hadis,73.4,86.4,59
MDR00150,5,Bahasa Arab,69.9,73.5,60
MDR00150,6,Akidah-Akhlak,74.7,85.2,52
MDR00150,6,Fikih,72.0,87.1,59
MDR00150,6,SKI,66.5,62.6,54
MDR00150,6,Quran-Hadis,70.8,74.3,52
MDR00150,6,Bahasa Arab,75.1,81.5,52
MDR00151,7,Akidah-Akhlak,65.5,65.3,128
MDR00151,7,Fikih,70.0,68.9,139
MDR00151,7,SKI,69.4,81.7,132
MDR00151,7,Quran-Hadis,70.4,79.5,123
MDR00151,7,Bahasa Arab,77.2,88.4,140
MDR00151,8,Akidah-Akhlak,69.1,67.7,126
MDR00151,8,Fikih,75.0,87.0,145
MDR00151,8,SKI,74.1,72.0,150
MDR00151,8,Quran-Hadis,72.8,85.3,139
MDR00151,8,Bahasa Arab,70.0,74.4,140
MDR00151,9,Akidah-Akhlak,68.8,70.9,132
MDR00151,9,Fikih,69.9,79.9,130
MDR00151,9,SKI,68.9,73.2,148
MDR00151,9,Quran-Hadis,70.6,87.6,124
MDR00151,9,Bahasa Arab,67.2,62.2,139
MDR00152,7,Akidah-Akhlak,85.8,100,92
MDR00152,7,Fikih,77.6,93.1,101
MDR00152,7,SKI,79.1,92.3,85
MDR00152,7,Quran-Hadis,82.0,100,104
MDR00152,7,Bahasa Arab,74.2,87.2,93
MDR00152,8,Akidah-Akhlak,80.4,100,89
MDR00152,8,Fikih,81.4,92.5,90
MDR00152,8,SKI,78.4,85.8,92
MDR00152,8,Quran-Hadis,78.6,100,91
MDR00152,8,Bahasa Arab,76.2,97.5,89
MDR00152,9,Akidah-Akhlak,78.7,100,104
MDR00152,9,Fikih,76.1,86.4,94
MDR00152,9,SKI,84.2,100,83
MDR00152,9,Quran-Hadis,83.9,100,95
MDR00152,9,Bahasa Arab,77.3,92.4,81
MDR00153,1,Akidah-Akhlak,84.2,100,12
MDR00153,1,Fikih,81.6,100,11
MDR00153,1,SKI,78.9,93.1,12
MDR00153,1,Quran-Hadis,79.7,93.9,12
MDR00153,1,Bahasa Arab,85.3,100,12
MDR00153,2,Akidah-Akhlak,86.2,100,12
MDR00153,2,Fikih,82.8,100,10
MDR00153,2,SKI,77.1,99.0,12
MDR00153,2,Quran-Hadis,79.5,97.6,10
MDR00153,2,Bahasa Arab,82.4,100,9
MDR00153,3,Akidah-Akhlak,84.4,100,10
MDR00153,3,Fikih,87.2,100,11
MDR00153,3,SKI,84.4,100,12
MDR00153,3,Quran-Hadis,85.3,100,12
MDR00153,3,Bahasa Arab,85.2,100,9
MDR00153,4,Akidah-Akhlak,84.8,100,10
MDR00153,4,Fikih,82.3,100,10
MDR00153,4,SKI,83.9,100,10
MDR00153,4,Quran-Hadis,84.5,100,12
MDR00153,4,Bahasa Arab,81.3,100,10
MDR00153,5,Akidah-Akhlak,79.9,100,12
MDR00153,5,Fikih,82.3,100,10
MDR00153,5,SKI,71.6,77.5,11
MDR00153,5,Quran-Hadis,84.5,100,10
MDR00153,5,Bahasa Arab,79.1,97.6,12
MDR00153,6,Akidah-Akhlak,81.6,99.8,11
MDR00153,6,Fikih,88.5,100,12
MDR00153,6,SKI,81.0,100,9
MDR00153,6,Quran-Hadis,82.6,100,10
MDR00153,6,Bahasa Arab,82.6,95.4,10
MDR00154,10,Akidah-Akhlak,81.0,100,94
MDR00154,10,Fikih,82.3,100,73
MDR00154,10,SKI,79.5,99.8,80
MDR00154,10,Quran-Hadis,80.2,100,72
MDR00154,10,Bahasa Arab,74.8,94.2,86
MDR00154,11,Akidah-Akhlak,80.4,100,77
MDR00154,11,Fikih,80.2,100,91
MDR00154,11,SKI,77.7,100,93
MDR00154,11,Quran-Hadis,77.4,96.9,84
MDR00154,11,Bahasa Arab,77.9,99.8,90
MDR00154,12,Akidah-Akhlak,79.1,93.3,89
MDR00154,12,Fikih,81.1,100,74
MDR00154,12,SKI,80.5,100,76
MDR00154,12,Quran-Hadis,79.5,100,76
MDR00154,12,Bahasa Arab,78.4,98.7,90
MDR00155,1,Akidah-Akhlak,67.1,68.1,34
MDR00155,1,Fikih,67.7,68.0,36
MDR00155,1,SKI,69.8,66.8,42
MDR00155,1,Quran-Hadis,72.9,81.1,33
MDR00155,1,Bahasa Arab,68.7,67.1,35
MDR00155,2,Akidah-Akhlak,66.1,71.9,35
MDR00155,2,Fikih,72.7,83.7,40
MDR00155,2,SKI,72.3,75.9,32
MDR00155,2,Quran-Hadis,69.1,65.5,37
MDR00155,2,Bahasa Arab,71.9,72.9,41
MDR00155,3,Akidah-Akhlak,70.9,83.4,32
MDR00155,3,Fikih,68.1,81.5,38
MDR00155,3,SKI,65.2,67.6,40
MDR00155,3,Quran-Hadis,68.8,71.8,36
MDR00155,3,Bahasa Arab,67.3,61.0,39
MDR00155,4,Akidah-Akhlak,72.7,90.5,40
MDR00155,4,Fikih,71.2,81.1,33
MDR00155,4,SKI,66.0,70.6,40
MDR00155,4,Quran-Hadis,69.0,70.4,37
MDR00155,4,Bahasa Arab,67.0,65.4,40
MDR00155,5,Akidah-Akhlak,73.0,82.7,35
MDR00155,5,Fikih,72.1,78.1,34
MDR00155,5,SKI,63.9,59.5,34
MDR00155,5,Quran-Hadis,67.0,70.4,42
MDR00155,5,Bahasa Arab,66.4,73.2,33
MDR00155,6,Akidah-Akhlak,70.7,76.7,42
MDR00155,6,Fikih,65.7,64.3,36
MDR00155,6,SKI,63.1,50.9,36
MDR00155,6,Quran-Hadis,69.1,79.8,32
MDR00155,6,Bahasa Arab,70.8,81.7,41
MDR00156,10,Akidah-Akhlak,83.2,100,41
MDR00156,10,Fikih,81.1,97.1,35
MDR00156,10,SKI,74.2,100,39
MDR00156,10,Quran-Hadis,78.6,91.1,33
MDR00156,10,Bahasa Arab,73.1,77.8,34
MDR00156,11,Akidah-Akhlak,81.6,100,41
MDR00156,11,Fikih,75.9,82.0,41
MDR00156,11,SKI,75.6,86.6,41
MDR00156,11,Quran-Hadis,78.9,95.0,44
MDR00156,11,Bahasa Arab,82.6,100,41
MDR00156,12,Akidah-Akhlak,75.5,82.5,40
MDR00156,12,Fikih,78.6,92.3,33
MDR00156,12,SKI,75.9,88.0,44
MDR00156,12,Quran-Hadis,79.0,94.7,36
MDR00156,12,Bahasa Arab,77.8,95.5,38
MDR00157,10,Akidah-Akhlak,77.4,95.3,47
MDR00157,10,Fikih,73.6,92.8,61
MDR00157,10,SKI,68.3,80.7,52
MDR00157,10,Quran-Hadis,77.6,94.6,60
MDR00157,10,Bahasa Arab,71.2,76.0,59
MDR00157,11,Akidah-Akhlak,77.7,93.3,48
MDR00157,11,Fikih,71.8,80.8,46
MDR00157,11,SKI,71.4,77.8,57
MDR00157,11,Quran-Hadis,75.0,91.0,54
MDR00157,11,Bahasa Arab,80.4,93.3,59
MDR00157,12,Akidah-Akhlak,76.2,100,52
MDR00157,12,Fikih,79.5,100,51
MDR00157,12,SKI,69.5,77.5,45
MDR00157,12,Quran-Hadis,77.0,88.7,52
MDR00157,12,Bahasa Arab,75.2,87.2,55
MDR00158,7,Akidah-Akhlak,69.2,63.8,30
MDR00158,7,Fikih,65.4,55.9,30
MDR00158,7,SKI,61.6,56.2,39
MDR00158,7,Quran-Hadis,65.4,55.9,40
MDR00158,7,Bahasa Arab,64.9,60.0,34
MDR00158,8,Akidah-Akhlak,67.7,76.5,35
MDR00158,8,Fikih,70.7,71.2,31
MDR00158,8,SKI,64.5,57.7,38
MDR00158,8,Quran-Hadis,65.6,67.0,36
MDR00158,8,Bahasa Arab,70.9,85.7,37
MDR00158,9,Akidah-Akhlak,71.4,77.6,31
MDR00158,9,Fikih,62.8,59.9,31
MDR00158,9,SKI,63.7,62.8,39
MDR00158,9,Quran-Hadis,61.5,51.5,31
MDR00158,9,Bahasa Arab,63.4,61.5,37
MDR00159,10,Akidah-Akhlak,82.8,100,103
MDR00159,10,Fikih,81.5,100,114
MDR00159,10,SKI,82.1,100,94
MDR00159,10,Quran-Hadis,85.1,100,103
MDR00159,10,Bahasa Arab,88.2,100,106
MDR00159,11,Akidah-Akhlak,85.4,100,96
MDR00159,11,Fikih,83.7,100,100
MDR00159,11,SKI,80.3,100,117
MDR00159,11,Quran-Hadis,79.8,100,94
MDR00159,11,Bahasa Arab,82.4,100,122
MDR00159,12,Akidah-Akhlak,83.2,100,113
MDR00159,12,Fikih,79.0,88.9,110
MDR00159,12,SKI,80.7,100,95
MDR00159,12,Quran-Hadis,85.0,100,97
MDR00159,12,Bahasa Arab,81.7,100,112
MDR00160,7,Akidah-Akhlak,65.7,68.7,12
MDR00160,7,Fikih,82.2,100,12
MDR00160,7,SKI,73.6,82.5,14
MDR00160,7,Quran-Hadis,70.2,77.2,14
MDR00160,7,Bahasa Arab,72.0,84.9,14
MDR00160,8,Akidah-Akhlak,77.2,88.3,12
MDR00160,8,Fikih,75.7,92.2,15
MDR00160,8,SKI,68.0,73.7,13
MDR00160,8,Quran-Hadis,75.4,88.5,12
MDR00160,8,Bahasa Arab,68.8,71.4,14
MDR00160,9,Akidah-Akhlak,74.4,90.7,13
MDR00160,9,Fikih,76.0,96.0,15
MDR00160,9,SKI,73.8,74.5,13
MDR00160,9,Quran-Hadis,78.1,97.0,14
MDR00160,9,Bahasa Arab,66.7,71.3,11
MDR00161,7,Akidah-Akhlak,67.7,74.0,88
MDR00161,7,Fikih,68.6,66.0,94
MDR00161,7,SKI,66.0,60.6,92
MDR00161,7,Quran-Hadis,64.7,66.6,82
MDR00161,7,Bahasa Arab,63.6,66.5,104
MDR00161,8,Akidah-Akhlak,76.5,91.1,98
MDR00161,8,Fikih,68.6,72.6,85
MDR00161,8,SKI,64.4,57.1,79
MDR00161,8,Quran-Hadis,72.3,85.8,86
MDR00161,8,Bahasa Arab,65.0,55.6,94
MDR00161,9,Akidah-Akhlak,64.0,55.8,97
MDR00161,9,Fikih,64.0,57.2,90
MDR00161,9,SKI,65.6,63.4,86
MDR00161,9,Quran-Hadis,65.2,59.0,104
MDR00161,9,Bahasa Arab,67.0,66.2,86
MDR00162,7,Akidah-Akhlak,66.9,72.6,85
MDR00162,7,Fikih,59.7,44.9,92
MDR00162,7,SKI,56.5,46.7,73
MDR00162,7,Quran-Hadis,63.7,60.2,86
MDR00162,7,Bahasa Arab,61.8,58.4,73
MDR00162,8,Akidah-Akhlak,63.6,68.5,83
MDR00162,8,Fikih,64.3,58.0,86
MDR00162,8,SKI,65.2,76.8,87
MDR00162,8,Quran-Hadis,66.8,62.3,82
MDR00162,8,Bahasa Arab,61.0,47.5,73
MDR00162,9,Akidah-Akhlak,69.5,71.3,74
MDR00162,9,Fikih,66.4,75.3,96
MDR00162,9,SKI,57.4,49.7,73
MDR00162,9,Quran-Hadis,64.4,58.5,92
MDR00162,9,Bahasa Arab,67.3,72.7,73
MDR00163,1,Akidah-Akhlak,75.0,88.0,10
MDR00163,1,Fikih,67.2,61.9,12
MDR00163,1,SKI,62.5,56.1,11
MDR00163,1,Quran-Hadis,68.7,73.7,10
MDR00163,1,Bahasa Arab,61.5,58.0,10
MDR00163,2,Akidah-Akhlak,66.4,74.9,13
MDR00163,2,Fikih,65.5,68.3,10
MDR00163,2,SKI,65.4,58.5,12
MDR00163,2,Quran-Hadis,70.1,81.5,13
MDR00163,2,Bahasa Arab,66.6,74.4,12
MDR00163,3,Akidah-Akhlak,67.7,65.8,12
MDR00163,3,Fikih,71.5,76.5,10
MDR00163,3,SKI,65.7,61.1,11
MDR00163,3,Quran-Hadis,72.7,82.9,11
MDR00163,3,Bahasa Arab,65.9,64.5,11
MDR00163,4,Akidah-Akhlak,67.5,68.6,13
MDR00163,4,Fikih,60.8,57.3,10
MDR00163,4,SKI,63.8,55.9,12
MDR00163,4,Quran-Hadis,70.0,76.7,12
MDR00163,4,Bahasa Arab,65.7,64.7,13
MDR00163,5,Akidah-Akhlak,67.1,77.4,12
MDR00163,5,Fikih,65.9,62.6,13
MDR00163,5,SKI,66.4,62.4,11
MDR00163,5,Quran-Hadis,68.3,79.2,12
MDR00163,5,Bahasa Arab,60.1,50.2,10
MDR00163,6,Akidah-Akhlak,69.9,73.5,10
MDR00163,6,Fikih,66.1,77.0,11
MDR00163,6,SKI,66.5,77.1,11
MDR00163,6,Quran-Hadis,72.6,80.7,11
MDR00163,6,Bahasa Arab,66.3,65.0,12
MDR00164,7,Akidah-Akhlak,70.4,70.1,61
MDR00164,7,Fikih,71.6,75.4,69
MDR00164,7,SKI,67.0,71.3,63
MDR00164,7,Quran-Hadis,70.8,73.4,69
MDR00164,7,Bahasa Arab,74.1,87.4,77
MDR00164,8,Akidah-Akhlak,74.1,83.1,60
MDR00164,8,Fikih,68.7,64.8,74
MDR00164,8,SKI,66.7,62.5,73
MDR00164,8,Quran-Hadis,68.7,80.7,60
MDR00164,8,Bahasa Arab,75.2,81.0,74
MDR00164,9,Akidah-Akhlak,72.5,84.8,69
MDR00164,9,Fikih,67.4,68.9,72
MDR00164,9,SKI,71.3,76.8,62
MDR00164,9,Quran-Hadis,73.0,80.4,57
MDR00164,9,Bahasa Arab,73.3,93.5,77
MDR00165,1,Akidah-Akhlak,76.3,92.2,24
MDR00165,1,Fikih,79.5,99.3,21
MDR00165,1,SKI,80.1,100,23
MDR00165,1,Quran-Hadis,80.9,100,21
MDR00165,1,Bahasa Arab,74.5,83.6,27
MDR00165,2,Akidah-Akhlak,77.2,87.3,27
MDR00165,2,Fikih,84.7,100,22
MDR00165,2,SKI,73.0,89.1,22
MDR00165,2,Quran-Hadis,76.6,99.3,26
MDR00165,2,Bahasa Arab,80.9,100,21
MDR00165,3,Akidah-Akhlak,79.0,99.3,23
MDR00165,3,Fikih,79.4,99.1,23
MDR00165,3,SKI,73.8,77.1,21
MDR00165,3,Quran-Hadis,81.5,100,26
MDR00165,3,Bahasa Arab,79.6,91.4,26
MDR00165,4,Akidah-Akhlak,84.7,100,26
MDR00165,4,Fikih,75.4,84.0,22
MDR00165,4,SKI,79.4,100,23
MDR00165,4,Quran-Hadis,78.5,89.2,27
MDR00165,4,Bahasa Arab,83.4,100,27
MDR00165,5,Akidah-Akhlak,81.1,100,24
MDR00165,5,Fikih,75.9,87.1,26
MDR00165,5,SKI,74.0,84.9,24
MDR00165,5,Quran-Hadis,77.6,90.6,23
MDR00165,5,Bahasa Arab,80.8,100,25
MDR00165,6,Akidah-Akhlak,79.9,100,26
MDR00165,6,Fikih,77.4,100,22
MDR00165,6,SKI,76.5,94.7,22
MDR00165,6,Quran-Hadis,81.6,100,27
MDR00165,6,Bahasa Arab,78.3,89.3,21
MDR00166,1,Akidah-Akhlak,74.4,85.4,41
MDR00166,1,Fikih,76.9,89.1,42
MDR00166,1,SKI,72.1,81.4,41
MDR00166,1,Quran-Hadis,77.2,85.9,38
MDR00166,1,Bahasa Arab,77.0,84.8,41
MDR00166,2,Akidah-Akhlak,76.9,96.2,42
MDR00166,2,Fikih,74.7,91.2,34
MDR00166,2,SKI,71.8,86.4,37
MDR00166,2,Quran-Hadis,75.6,88.5,45
MDR00166,2,Bahasa Arab,71.9,77.5,44
MDR00166,3,Akidah-Akhlak,74.5,82.8,34
MDR00166,3,Fikih,65.7,61.8,42
MDR00166,3,SKI,71.7,74.4,41
MDR00166,3,Quran-Hadis,78.7,98.5,39
MDR00166,3,Bahasa Arab,70.8,76.9,37
MDR00166,4,Akidah-Akhlak,73.6,85.6,34
MDR00166,4,Fikih,74.0,77.7,43
MDR00166,4,SKI,68.7,81.3,34
MDR00166,4,Quran-Hadis,73.5,83.4,40
MDR00166,4,Bahasa Arab,72.9,81.0,41
MDR00166,5,Akidah-Akhlak,78.1,82.9,44
MDR00166,5,Fikih,74.6,79.0,38
MDR00166,5,SKI,73.2,86.8,39
MDR00166,5,Quran-Hadis,70.6,87.4,41
MDR00166,5,Bahasa Arab,76.6,87.8,34
MDR00166,6,Akidah-Akhlak,75.7,81.6,40
MDR00166,6,Fikih,75.4,93.1,37
MDR00166,6,SKI,69.4,66.3,40
MDR00166,6,Quran-Hadis,80.6,100,36
MDR00166,6,Bahasa Arab,71.5,66.4,44
MDR00167,1,Akidah-Akhlak,65.1,62.8,27
MDR00167,1,Fikih,64.9,65.9,27
MDR00167,1,SKI,60.6,49.8,33
MDR00167,1,Quran-Hadis,67.7,70.0,29
MDR00167,1,Bahasa Arab,64.8,56.7,28
MDR00167,2,Akidah-Akhlak,61.9,56.8,33
MDR00167,2,Fikih,65.7,69.1,33
MDR00167,2,SKI,61.7,56.5,32
MDR00167,2,Quran-Hadis,65.8,77.2,32
MDR00167,2,Bahasa Arab,63.8,58.4,27
MDR00167,3,Akidah-Akhlak,71.1,83.5,33
MDR00167,3,Fikih,61.3,47.0,36
MDR00167,3,SKI,60.7,47.9,27
MDR00167,3,Quran-Hadis,62.7,54.6,34
MDR00167,3,Bahasa Arab,66.6,64.0,31
MDR00167,4,Akidah-Akhlak,69.0,78.8,27
MDR00167,4,Fikih,65.6,67.6,30
MDR00167,4,SKI,59.0,48.2,27
MDR00167,4,Quran-Hadis,66.5,66.3,29
MDR00167,4,Bahasa Arab,66.4,59.3,32
MDR00167,5,Akidah-Akhlak,72.9,85.7,32
MDR00167,5,Fikih,62.9,60.3,28
MDR00167,5,SKI,68.0,67.9,32
MDR00167,5,Quran-Hadis,64.0,50.6,31
MDR00167,5,Bahasa Arab,66.8,68.9,28
MDR00167,6,Akidah-Akhlak,64.5,53.8,30
MDR00167,6,Fikih,67.4,72.8,34
MDR00167,6,SKI,58.0,40.2,33
MDR00167,6,Quran-Hadis,65.4,67.4,30
MDR00167,6,Bahasa Arab,62.8,46.2,35
MDR00168,10,Akidah-Akhlak,80.9,100,106
MDR00168,10,Fikih,78.1,98.4,94
MDR00168,10,SKI,76.5,74.8,105
MDR00168,10,Quran-Hadis,80.6,100,83
MDR00168,10,Bahasa Arab,80.7,98.0,93
MDR00168,11,Akidah-Akhlak,77.4,89.1,110
MDR00168,11,Fikih,78.9,95.4,91
MDR00168,11,SKI,75.0,96.7,87
MDR00168,11,Quran-Hadis,77.5,95.2,94
MDR00168,11,Bahasa Arab,72.9,75.5,92
MDR00168,12,Akidah-Akhlak,78.5,100,85
MDR00168,12,Fikih,72.4,84.7,82
MDR00168,12,SKI,73.4,86.0,105
MDR00168,12,Quran-Hadis,80.1,96.5,105
MDR00168,12,Bahasa Arab,77.3,91.8,96
MDR00169,1,Akidah-Akhlak,73.0,84.1,61
MDR00169,1,Fikih,74.5,83.5,62
MDR00169,1,SKI,67.0,62.8,63
MDR00169,1,Quran-Hadis,71.4,83.2,68
MDR00169,1,Bahasa Arab,68.2,69.6,63
MDR00169,2,Akidah-Akhlak,71.5,81.1,60
MDR00169,2,Fikih,77.7,99.2,54
MDR00169,2,SKI,75.7,96.5,65
MDR00169,2,Quran-Hadis,69.7,81.8,67
MDR00169,2,Bahasa Arab,71.1,72.7,63
MDR00169,3,Akidah-Akhlak,74.4,84.9,55
MDR00169,3,Fikih,73.9,82.3,65
MDR00169,3,SKI,69.8,72.3,60
MDR00169,3,Quran-Hadis,74.8,86.0,53
MDR00169,3,Bahasa Arab,70.2,68.0,68
MDR00169,4,Akidah-Akhlak,78.2,99.1,55
MDR00169,4,Fikih,73.9,82.1,54
MDR00169,4,SKI,72.2,81.4,56
MDR00169,4,Quran-Hadis,73.3,82.9,52
MDR00169,4,Bahasa Arab,77.5,92.8,60
MDR00169,5,Akidah-Akhlak,75.2,84.6,63
MDR00169,5,Fikih,72.3,75.6,66
MDR00169,5,SKI,71.5,72.4,58
MDR00169,5,Quran-Hadis,76.1,88.2,53
MDR00169,5,Bahasa Arab,68.9,69.2,56
MDR00169,6,Akidah-Akhlak,77.1,100,54
MDR00169,6,Fikih,69.7,65.4,60
MDR00169,6,SKI,72.1,86.9,66
MDR00169,6,Quran-Hadis,74.0,86.0,56
MDR00169,6,Bahasa Arab,70.2,82.5,57
MDR00170,1,Akidah-Akhlak,70.8,72.2,30
MDR00170,1,Fikih,66.2,72.1,28
MDR00170,1,SKI,67.8,68.1,30
MDR00170,1,Quran-Hadis,67.9,70.9,38
MDR00170,1,Bahasa Arab,61.7,45.8,37
MDR00170,2,Akidah-Akhlak,67.3,61.7,37
MDR00170,2,Fikih,63.5,65.7,31
MDR00170,2,SKI,63.0,59.1,29
MDR00170,2,Quran-Hadis,67.7,72.6,35
MDR00170,2,Bahasa Arab,63.3,63.5,31
MDR00170,3,Akidah-Akhlak,73.3,80.5,33
MDR00170,3,Fikih,66.1,75.7,29
MDR00170,3,SKI,60.0,42.5,33
MDR00170,3,Quran-Hadis,68.9,73.6,37
MDR00170,3,Bahasa Arab,62.0,54.1,32
MDR00170,4,Akidah-Akhlak,63.7,58.1,36
MDR00170,4,Fikih,68.1,65.3,37
MDR00170,4,SKI,64.9,63.3,36
MDR00170,4,Quran-Hadis,57.5,40.6,32
MDR00170,4,Bahasa Arab,63.5,56.9,30
MDR00170,5,Akidah-Akhlak,72.2,79.0,36
MDR00170,5,Fikih,62.5,56.0,36
MDR00170,5,SKI,61.9,57.0,36
MDR00170,5,Quran-Hadis,66.4,72.9,32
MDR00170,5,Bahasa Arab,61.6,57.4,34
MDR00170,6,Akidah-Akhlak,67.5,63.8,38
MDR00170,6,Fikih,65.0,65.3,36
MDR00170,6,SKI,62.9,57.9,36
MDR00170,6,Quran-Hadis,63.5,60.1,38
MDR00170,6,Bahasa Arab,62.3,62.1,30
MDR00171,1,Akidah-Akhlak,77.6,86.9,45
MDR00171,1,Fikih,81.6,100,35
MDR00171,1,SKI,79.8,100,40
MDR00171,1,Quran-Hadis,80.7,100,40
MDR00171,1,Bahasa Arab,84.7,100,42
MDR00171,2,Akidah-Akhlak,76.7,92.2,42
MDR00171,2,Fikih,80.5,96.1,46
MDR00171,2,SKI,71.7,81.7,36
MDR00171,2,Quran-Hadis,79.2,93.9,43
MDR00171,2,Bahasa Arab,74.1,84.7,38
MDR00171,3,Akidah-Akhlak,85.2,100,45
MDR00171,3,Fikih,77.1,91.2,43
MDR00171,3,SKI,84.2,100,43
MDR00171,3,Quran-Hadis,79.4,100,39
MDR00171,3,Bahasa Arab,76.1,84.0,45
MDR00171,4,Akidah-Akhlak,74.4,86.2,37
MDR00171,4,Fikih,78.5,93.5,41
MDR00171,4,SKI,71.8,80.0,35
MDR00171,4,Quran-Hadis,78.0,90.9,45
MDR00171,4,Bahasa Arab,81.5,100,41
MDR00171,5,Akidah-Akhlak,80.3,100,43
MDR00171,5,Fikih,81.5,100,39
MDR00171,5,SKI,76.0,100,40
MDR00171,5,Quran-Hadis,74.6,83.7,39
MDR00171,5,Bahasa Arab,83.4,100,41
MDR00171,6,Akidah-Akhlak,82.4,100,42
MDR00171,6,Fikih,81.7,100,37
MDR00171,6,SKI,77.1,88.9,41
MDR00171,6,Quran-Hadis,71.6,74.4,39
MDR00171,6,Bahasa Arab,75.1,88.7,40
MDR00172,1,Akidah-Akhlak,66.6,64.3,27
MDR00172,1,Fikih,61.6,43.5,33
MDR00172,1,SKI,66.9,67.5,32
MDR00172,1,Quran-Hadis,65.7,60.9,31
MDR00172,1,Bahasa Arab,66.6,76.8,32
MDR00172,2,Akidah-Akhlak,68.8,74.6,29
MDR00172,2,Fikih,65.0,67.2,34
MDR00172,2,SKI,61.9,55.3,28
MDR00172,2,Quran-Hadis,67.6,61.7,27
MDR00172,2,Bahasa Arab,67.0,66.2,33
MDR00172,3,Akidah-Akhlak,64.5,68.6,29
MDR00172,3,Fikih,63.3,67.9,33
MDR00172,3,SKI,58.7,50.5,32
MDR00172,3,Quran-Hadis,68.1,57.4,34
MDR00172,3,Bahasa Arab,67.5,67.4,35
MDR00172,4,Akidah-Akhlak,68.3,71.5,27
MDR00172,4,Fikih,66.4,63.8,32
MDR00172,4,SKI,64.1,62.7,30
MDR00172,4,Quran-Hadis,66.7,59.1,33
MDR00172,4,Bahasa Arab,60.7,49.8,27
MDR00172,5,Akidah-Akhlak,69.5,72.1,32
MDR00172,5,Fikih,59.1,43.9,32
MDR00172,5,SKI,67.4,71.0,33
MDR00172,5,Quran-Hadis,65.6,66.4,34
MDR00172,5,Bahasa Arab,63.4,56.3,32
MDR00172,6,Akidah-Akhlak,69.2,73.9,35
MDR00172,6,Fikih,64.1,60.8,35
MDR00172,6,SKI,64.0,62.6,27
MDR00172,6,Quran-Hadis,65.4,66.2,28
MDR00172,6,Bahasa Arab,61.9,55.0,27
MDR00173,7,Akidah-Akhlak,77.5,94.6,55
MDR00173,7,Fikih,76.6,83.0,62
MDR00173,7,SKI,71.7,86.0,72
MDR00173,7,Quran-Hadis,83.7,100,56
MDR00173,7,Bahasa Arab,76.6,93.2,64
MDR00173,8,Akidah-Akhlak,81.5,100,60
MDR00173,8,Fikih,74.0,83.5,62
MDR00173,8,SKI,77.9,93.3,58
MDR00173,8,Quran-Hadis,81.5,100,64
MDR00173,8,Bahasa Arab,76.6,94.9,59
MDR00173,9,Akidah-Akhlak,81.5,100,61
MDR00173,9,Fikih,76.9,98.0,71
MDR00173,9,SKI,76.8,85.5,65
MDR00173,9,Quran-Hadis,79.8,95.2,61
MDR00173,9,Bahasa Arab,75.7,89.8,67
MDR00174,7,Akidah-Akhlak,82.2,100,111
MDR00174,7,Fikih,76.2,88.8,116
MDR00174,7,SKI,75.9,88.6,107
MDR00174,7,Quran-Hadis,80.1,92.1,111
MDR00174,7,Bahasa Arab,78.2,95.7,112
MDR00174,8,Akidah-Akhlak,80.6,100,120
MDR00174,8,Fikih,77.8,91.5,101
MDR00174,8,SKI,78.9,100,101
MDR00174,8,Quran-Hadis,76.5,100,107
MDR00174,8,Bahasa Arab,73.6,76.4,115
MDR00174,9,Akidah-Akhlak,77.9,94.0,110
MDR00174,9,Fikih,75.0,82.3,112
MDR00174,9,SKI,76.0,93.2,105
MDR00174,9,Quran-Hadis,79.6,94.1,94
MDR00174,9,Bahasa Arab,77.0,99.5,93
MDR00175,7,Akidah-Akhlak,67.5,70.7,156
MDR00175,7,Fikih,76.5,85.1,133
MDR00175,7,SKI,70.0,79.8,142
MDR00175,7,Quran-Hadis,73.2,84.5,160
MDR00175,7,Bahasa Arab,70.9,79.7,143
MDR00175,8,Akidah-Akhlak,72.9,86.2,160
MDR00175,8,Fikih,73.9,79.3,140
MDR00175,8,SKI,75.5,93.5,123
MDR00175,8,Quran-Hadis,71.2,78.2,134
MDR00175,8,Bahasa Arab,76.9,93.0,159
MDR00175,9,Akidah-Akhlak,79.9,98.9,137
MDR00175,9,Fikih,73.9,82.6,133
MDR00175,9,SKI,70.7,73.7,136
MDR00175,9,Quran-Hadis,80.0,100,159
MDR00175,9,Bahasa Arab,72.3,88.1,163
MDR00176,7,Akidah-Akhlak,61.2,57.5,52
MDR00176,7,Fikih,64.7,58.5,67
MDR00176,7,SKI,68.7,85.5,67
MDR00176,7,Quran-Hadis,66.2,64.5,57
MDR00176,7,Bahasa Arab,67.9,62.0,69
MDR00176,8,Akidah-Akhlak,69.9,81.1,54
MDR00176,8,Fikih,70.7,75.4,65
MDR00176,8,SKI,67.0,61.8,58
MDR00176,8,Quran-Hadis,70.3,73.8,61
MDR00176,8,Bahasa Arab,65.9,68.4,61
MDR00176,9,Akidah-Akhlak,68.6,82.0,64
MDR00176,9,Fikih,62.8,49.5,57
MDR00176,9,SKI,65.5,75.4,59
MDR00176,9,Quran-Hadis,66.0,70.5,63
MDR00176,9,Bahasa Arab,62.7,67.5,68
MDR00177,7,Akidah-Akhlak,82.7,99.7,140
MDR00177,7,Fikih,83.5,100,166
MDR00177,7,SKI,76.4,100,163
MDR00177,7,Quran-Hadis,82.7,100,156
MDR00177,7,Bahasa Arab,85.6,100,133
MDR00177,8,Akidah-Akhlak,83.7,100,139
MDR00177,8,Fikih,74.7,88.7,148
MDR00177,8,SKI,80.2,100,175
MDR00177,8,Quran-Hadis,81.2,100,171
MDR00177,8,Bahasa Arab,75.5,88.5,139
MDR00177,9,Akidah-Akhlak,80.5,100,170
MDR00177,9,Fikih,81.9,93.9,137
MDR00177,9,SKI,75.8,89.3,164
MDR00177,9,Quran-Hadis,80.8,100,172
MDR00177,9,Bahasa Arab,79.6,100,162
MDR00178,10,Akidah-Akhlak,72.3,84.1,66
MDR00178,10,Fikih,74.6,90.4,60
MDR00178,10,SKI,73.8,88.0,77
MDR00178,10,Quran-Hadis,75.5,84.8,75
MDR00178,10,Bahasa Arab,68.1,64.2,58
MDR00178,11,Akidah-Akhlak,79.3,99.9,60
MDR00178,11,Fikih,75.3,90.7,77
MDR00178,11,SKI,77.0,93.6,59
MDR00178,11,Quran-Hadis,70.2,66.0,62
MDR00178,11,Bahasa Arab,64.2,57.6,68
MDR00178,12,Akidah-Akhlak,70.4,72.0,74
MDR00178,12,Fikih,69.4,77.0,63
MDR00178,12,SKI,75.2,88.2,66
MDR00178,12,Quran-Hadis,73.2,79.5,75
MDR00178,12,Bahasa Arab,71.5,82.2,58
MDR00179,1,Akidah-Akhlak,75.1,78.3,36
MDR00179,1,Fikih,70.7,79.4,40
MDR00179,1,SKI,66.8,73.8,39
MDR00179,1,Quran-Hadis,70.7,87.7,36
MDR00179,1,Bahasa Arab,67.9,74.7,33
MDR00179,2,Akidah-Akhlak,72.1,85.1,44
MDR00179,2,Fikih,78.4,92.1,40
MDR00179,2,SKI,75.2,96.2,37
MDR00179,2,Quran-Hadis,72.2,78.3,39
MDR00179,2,Bahasa Arab,72.3,73.2,44
MDR00179,3,Akidah-Akhlak,72.3,72.0,43
MDR00179,3,Fikih,74.1,86.7,43
MDR00179,3,SKI,73.8,88.1,40
MDR00179,3,Quran-Hadis,74.8,90.9,43
MDR00179,3,Bahasa Arab,66.0,68.2,43
MDR00179,4,Akidah-Akhlak,77.3,92.5,42
MDR00179,4,Fikih,75.6,97.1,40
MDR00179,4,SKI,70.1,85.8,41
MDR00179,4,Quran-Hadis,67.6,68.8,36
MDR00179,4,Bahasa Arab,74.2,82.7,34
MDR00179,5,Akidah-Akhlak,74.2,87.0,33
MDR00179,5,Fikih,73.6,79.3,36
MDR00179,5,SKI,66.7,66.5,37
MDR00179,5,Quran-Hadis,79.6,93.9,43
MDR00179,5,Bahasa Arab,71.0,79.5,43
MDR00179,6,Akidah-Akhlak,73.3,84.6,35
MDR00179,6,Fikih,76.1,90.2,38
MDR00179,6,SKI,68.3,62.6,37
MDR00179,6,Quran-Hadis,68.8,72.2,42
MDR00179,6,Bahasa Arab,67.9,75.5,35
MDR00180,1,Akidah-Akhlak,79.0,98.4,48
MDR00180,1,Fikih,79.7,93.3,49
MDR00180,1,SKI,77.1,89.9,47
MDR00180,1,Quran-Hadis,76.9,92.8,44
MDR00180,1,Bahasa Arab,77.6,95.4,43
MDR00180,2,Akidah-Akhlak,83.9,100,49
MDR00180,2,Fikih,85.3,100,42
MDR00180,2,SKI,74.7,84.3,50
MDR00180,2,Quran-Hadis,81.5,100,41
MDR00180,2,Bahasa Arab,78.3,99.7,52
MDR00180,3,Akidah-Akhlak,81.7,100,42
MDR00180,3,Fikih,80.2,100,49
MDR00180,3,SKI,80.4,96.5,48
MDR00180,3,Quran-Hadis,87.6,100,46
MDR00180,3,Bahasa Arab,74.8,87.4,45
MDR00180,4,Akidah-Akhlak,79.7,97.9,51
MDR00180,4,Fikih,76.7,87.8,40
MDR00180,4,SKI,77.4,90.4,48
MDR00180,4,Quran-Hadis,85.3,100,47
MDR00180,4,Bahasa Arab,75.5,91.1,46
MDR00180,5,Akidah-Akhlak,80.4,99.0,40
MDR00180,5,Fikih,81.4,100,47
MDR00180,5,SKI,79.9,100,45
MDR00180,5,Quran-Hadis,78.3,93.2,40
MDR00180,5,Bahasa Arab,77.6,93.6,43
MDR00180,6,Akidah-Akhlak,79.0,100,50
MDR00180,6,Fikih,77.0,89.8,49
MDR00180,6,SKI,76.5,98.9,52
MDR00180,6,Quran-Hadis,82.1,100,50
MDR00180,6,Bahasa Arab,76.8,93.3,41
MDR00181,1,Akidah-Akhlak,75.1,98.0,23
MDR00181,1,Fikih,80.5,98.5,23
MDR00181,1,SKI,78.4,94.5,23
MDR00181,1,Quran-Hadis,78.1,96.2,23
MDR00181,1,Bahasa Arab,72.2,84.2,23
MDR00181,2,Akidah-Akhlak,76.7,93.0,26
MDR00181,2,Fikih,76.5,96.2,25
MDR00181,2,SKI,78.8,96.1,26
MDR00181,2,Quran-Hadis,77.7,100,27
MDR00181,2,Bahasa Arab,78.2,89.7,26
MDR00181,3,Akidah-Akhlak,78.8,91.3,24
MDR00181,3,Fikih,76.1,92.9,21
MDR00181,3,SKI,77.6,95.2,22
MDR00181,3,Quran-Hadis,77.4,95.7,26
MDR00181,3,Bahasa Arab,79.8,98.3,25
MDR00181,4,Akidah-Akhlak,78.6,94.1,25
MDR00181,4,Fikih,78.1,92.2,23
MDR00181,4,SKI,73.0,93.4,26
MDR00181,4,Quran-Hadis,77.8,82.5,26
MDR00181,4,Bahasa Arab,76.2,92.0,21
MDR00181,5,Akidah-Akhlak,78.2,98.2,25
MDR00181,5,Fikih,77.4,90.6,21
MDR00181,5,SKI,75.4,90.0,26
MDR00181,5,Quran-Hadis,78.0,94.3,27
MDR00181,5,Bahasa Arab,76.8,96.3,25
MDR00181,6,Akidah-Akhlak,81.5,97.5,27
MDR00181,6,Fikih,76.6,77.9,23
MDR00181,6,SKI,76.0,89.2,23
MDR00181,6,Quran-Hadis,79.8,94.7,22
MDR00181,6,Bahasa Arab,79.7,95.7,21
MDR00182,10,Akidah-Akhlak,81.7,100,59
MDR00182,10,Fikih,82.2,100,69
MDR00182,10,SKI,78.1,84.6,62
MDR00182,10,Quran-Hadis,77.1,90.5,59
MDR00182,10,Bahasa Arab,81.3,92.8,56
MDR00182,11,Akidah-Akhlak,79.8,95.0,71
MDR00182,11,Fikih,77.3,97.8,56
MDR00182,11,SKI,76.2,90.8,60
MDR00182,11,Quran-Hadis,80.3,95.8,73
MDR00182,11,Bahasa Arab,81.9,100,68
MDR00182,12,Akidah-Akhlak,83.5,100,61
MDR00182,12,Fikih,82.5,100,73
MDR00182,12,SKI,75.4,82.2,62
MDR00182,12,Quran-Hadis,78.1,93.2,59
MDR00182,12,Bahasa Arab,77.7,96.1,63
MDR00183,1,Akidah-Akhlak,71.9,74.8,5
MDR00183,1,Fikih,71.2,82.0,5
MDR00183,1,SKI,71.5,72.8,5
MDR00183,1,Quran-Hadis,77.8,96.9,5
MDR00183,1,Bahasa Arab,74.0,89.9,5
MDR00183,2,Akidah-Akhlak,70.2,83.1,5
MDR00183,2,Fikih,73.4,79.2,5
MDR00183,2,SKI,65.4,63.2,5
MDR00183,2,Quran-Hadis,74.1,72.3,5
MDR00183,2,Bahasa Arab,71.3,65.4,5
MDR00183,3,Akidah-Akhlak,76.9,95.0,5
MDR00183,3,Fikih,68.8,77.2,5
MDR00183,3,SKI,70.7,62.4,5
MDR00183,3,Quran-Hadis,78.8,99.1,5
MDR00183,3,Bahasa Arab,71.2,71.9,5
MDR00183,4,Akidah-Akhlak,71.1,71.4,5
MDR00183,4,Fikih,74.4,84.9,5
MDR00183,4,SKI,72.6,86.0,5
MDR00183,4,Quran-Hadis,70.8,81.2,5
MDR00183,4,Bahasa Arab,77.8,94.6,5
MDR00183,5,Akidah-Akhlak,75.4,92.7,5
MDR00183,5,Fikih,72.4,83.9,5
MDR00183,5,SKI,69.6,72.7,5
MDR00183,5,Quran-Hadis,76.4,94.8,5
MDR00183,5,Bahasa Arab,70.5,74.0,5
MDR00183,6,Akidah-Akhlak,76.5,96.6,5
MDR00183,6,Fikih,76.7,87.1,5
MDR00183,6,SKI,67.8,75.9,5
MDR00183,6,Quran-Hadis,74.5,97.2,5
MDR00183,6,Bahasa Arab,71.4,84.8,5
MDR00184,1,Akidah-Akhlak,76.6,93.3,29
MDR00184,1,Fikih,78.6,99.4,26
MDR00184,1,SKI,71.9,79.9,25
MDR00184,1,Quran-Hadis,75.5,88.2,25
MDR00184,1,Bahasa Arab,71.7,84.6,24
MDR00184,2,Akidah-Akhlak,77.7,94.3,29
MDR00184,2,Fikih,71.3,80.8,27
MDR00184,2,SKI,73.4,84.3,26
MDR00184,2,Quran-Hadis,74.3,76.9,27
MDR00184,2,Bahasa Arab,69.5,69.1,24
MDR00184,3,Akidah-Akhlak,72.7,74.1,24
MDR00184,3,Fikih,75.1,93.5,31
MDR00184,3,SKI,68.8,75.4,25
MDR00184,3,Quran-Hadis,71.1,74.9,25
MDR00184,3,Bahasa Arab,74.0,82.2,32
MDR00184,4,Akidah-Akhlak,75.6,92.1,31
MDR00184,4,Fikih,70.6,75.3,25
MDR00184,4,SKI,75.3,88.7,26
MDR00184,4,Quran-Hadis,80.0,100,27
MDR00184,4,Bahasa Arab,80.5,99.2,27
MDR00184,5,Akidah-Akhlak,73.2,86.8,27
MDR00184,5,Fikih,70.8,72.6,24
MDR00184,5,SKI,78.0,92.0,27
MDR00184,5,Quran-Hadis,72.2,85.7,27
MDR00184,5,Bahasa Arab,74.2,89.8,30
MDR00184,6,Akidah-Akhlak,75.8,85.7,25
MDR00184,6,Fikih,75.2,81.6,26
MDR00184,6,SKI,75.8,88.9,25
MDR00184,6,Quran-Hadis,73.2,84.1,29
MDR00184,6,Bahasa Arab,69.9,74.9,30
MDR00185,1,Akidah-Akhlak,72.9,82.4,25
MDR00185,1,Fikih,69.4,72.5,29
MDR00185,1,SKI,68.2,63.9,26
MDR00185,1,Quran-Hadis,72.4,85.1,27
MDR00185,1,Bahasa Arab,71.7,80.7,33
MDR00185,2,Akidah-Akhlak,75.8,84.5,29
MDR00185,2,Fikih,64.1,69.9,28
MDR00185,2,SKI,66.7,70.8,26
MDR00185,2,Quran-Hadis,72.3,79.2,28
MDR00185,2,Bahasa Arab,69.5,67.5,33
MDR00185,3,Akidah-Akhlak,70.8,77.9,33
MDR00185,3,Fikih,65.1,65.2,31
MDR00185,3,SKI,66.6,63.2,33
MDR00185,3,Quran-Hadis,75.8,84.5,30
MDR00185,3,Bahasa Arab,70.3,81.8,26
MDR00185,4,Akidah-Akhlak,74.5,82.3,29
MDR00185,4,Fikih,72.9,80.2,27
MDR00185,4,SKI,73.9,84.5,34
MDR00185,4,Quran-Hadis,71.9,73.9,33
MDR00185,4,Bahasa Arab,65.2,70.0,26
MDR00185,5,Akidah-Akhlak,81.9,100,33
MDR00185,5,Fikih,73.2,93.1,32
MDR00185,5,SKI,69.6,74.8,26
MDR00185,5,Quran-Hadis,72.4,75.4,26
MDR00185,5,Bahasa Arab,75.1,81.0,25
MDR00185,6,Akidah-Akhlak,75.1,94.1,25
MDR00185,6,Fikih,72.7,79.6,27
MDR00185,6,SKI,72.9,84.2,28
MDR00185,6,Quran-Hadis,71.4,77.7,25
MDR00185,6,Bahasa Arab,72.1,77.3,28
MDR00186,1,Akidah-Akhlak,76.7,83.8,46
MDR00186,1,Fikih,80.3,95.7,47
MDR00186,1,SKI,72.2,83.3,50
MDR00186,1,Quran-Hadis,78.1,90.4,38
MDR00186,1,Bahasa Arab,77.1,96.7,43
MDR00186,2,Akidah-Akhlak,78.2,96.6,40
MDR00186,2,Fikih,78.1,88.1,48
MDR00186,2,SKI,79.2,95.2,41
MDR00186,2,Quran-Hadis,78.0,95.2,44
MDR00186,2,Bahasa Arab,71.8,81.7,47
MDR00186,3,Akidah-Akhlak,78.4,94.7,42
MDR00186,3,Fikih,78.2,100,41
MDR00186,3,SKI,79.5,92.8,50
MDR00186,3,Quran-Hadis,75.2,95.4,46
MDR00186,3,Bahasa Arab,75.9,82.9,41
MDR00186,4,Akidah-Akhlak,74.2,80.8,41
MDR00186,4,Fikih,79.6,91.7,50
MDR00186,4,SKI,71.9,79.2,43
MDR00186,4,Quran-Hadis,73.2,81.3,45
MDR00186,4,Bahasa Arab,71.2,73.5,45
MDR00186,5,Akidah-Akhlak,77.2,95.7,42
MDR00186,5,Fikih,81.0,100,45
MDR00186,5,SKI,77.4,87.1,43
MDR00186,5,Quran-Hadis,73.8,89.1,44
MDR00186,5,Bahasa Arab,76.8,85.5,41
MDR00186,6,Akidah-Akhlak,76.8,80.5,46
MDR00186,6,Fikih,74.6,88.3,47
MDR00186,6,SKI,77.1,87.9,45
MDR00186,6,Quran-Hadis,73.4,85.8,44
MDR00186,6,Bahasa Arab,73.0,85.8,43
MDR00187,7,Akidah-Akhlak,80.0,100,31
MDR00187,7,Fikih,72.5,83.3,31
MDR00187,7,SKI,73.4,75.4,29
MDR00187,7,Quran-Hadis,80.0,100,29
MDR00187,7,Bahasa Arab,71.7,75.7,30
MDR00187,8,Akidah-Akhlak,72.7,84.4,36
MDR00187,8,Fikih,75.1,83.4,29
MDR00187,8,SKI,67.2,60.9,32
MDR00187,8,Quran-Hadis,71.3,91.8,31
MDR00187,8,Bahasa Arab,71.2,73.1,34
MDR00187,9,Akidah-Akhlak,77.0,85.8,27
MDR00187,9,Fikih,72.6,78.2,27
MDR00187,9,SKI,70.7,75.9,30
MDR00187,9,Quran-Hadis,79.3,91.1,27
MDR00187,9,Bahasa Arab,75.5,93.8,32
MDR00188,7,Akidah-Akhlak,63.8,52.6,41
MDR00188,7,Fikih,61.6,51.3,40
MDR00188,7,SKI,58.6,54.4,49
MDR00188,7,Quran-Hadis,67.8,66.9,49
MDR00188,7,Bahasa Arab,62.3,44.0,39
MDR00188,8,Akidah-Akhlak,59.9,55.3,43
MDR00188,8,Fikih,64.7,72.6,44
MDR00188,8,SKI,63.7,53.1,51
MDR00188,8,Quran-Hadis,69.1,72.5,40
MDR00188,8,Bahasa Arab,61.9,48.7,49
MDR00188,9,Akidah-Akhlak,66.4,62.4,46
MDR00188,9,Fikih,61.3,47.5,47
MDR00188,9,SKI,53.9,36.8,49
MDR00188,9,Quran-Hadis,69.3,80.9,39
MDR00188,9,Bahasa Arab,66.3,77.7,47
MDR00189,1,Akidah-Akhlak,64.8,66.0,43
MDR00189,1,Fikih,67.0,63.4,42
MDR00189,1,SKI,62.6,54.3,43
MDR00189,1,Quran-Hadis,66.7,73.5,38
MDR00189,1,Bahasa Arab,63.5,47.1,42
MDR00189,2,Akidah-Akhlak,68.4,66.4,39
MDR00189,2,Fikih,65.3,68.0,41
MDR00189,2,SKI,67.6,67.2,41
MDR00189,2,Quran-Hadis,67.8,63.7,46
MDR00189,2,Bahasa Arab,63.6,58.5,47
MDR00189,3,Akidah-Akhlak,71.3,86.8,45
MDR00189,3,Fikih,66.3,64.2,43
MDR00189,3,SKI,63.6,63.8,39
MDR00189,3,Quran-Hadis,66.1,69.9,42
MDR00189,3,Bahasa Arab,68.4,67.8,44
MDR00189,4,Akidah-Akhlak,70.4,73.4,44
MDR00189,4,Fikih,68.6,71.0,45
MDR00189,4,SKI,60.6,48.0,44
MDR00189,4,Quran-Hadis,64.1,54.1,43
MDR00189,4,Bahasa Arab,63.3,56.7,42
MDR00189,5,Akidah-Akhlak,69.3,73.5,46
MDR00189,5,Fikih,67.7,64.7,44
MDR00189,5,SKI,62.0,55.7,36
MDR00189,5,Quran-Hadis,67.0,65.3,44
MDR00189,5,Bahasa Arab,65.0,63.9,36
MDR00189,6,Akidah-Akhlak,66.4,70.5,47
MDR00189,6,Fikih,70.6,77.0,41
MDR00189,6,SKI,68.4,69.1,37
MDR00189,6,Quran-Hadis,68.5,71.3,40
MDR00189,6,Bahasa Arab,65.3,61.2,43
MDR00190,7,Akidah-Akhlak,65.0,61.1,127
MDR00190,7,Fikih,64.6,57.7,100
MDR00190,7,SKI,65.4,69.3,103
MDR00190,7,Quran-Hadis,67.4,66.0,107
MDR00190,7,Bahasa Arab,67.1,74.5,124
MDR00190,8,Akidah-Akhlak,68.6,57.8,99
MDR00190,8,Fikih,70.3,78.6,115
MDR00190,8,SKI,61.7,43.5,123
MDR00190,8,Quran-Hadis,73.7,72.7,121
MDR00190,8,Bahasa Arab,72.8,82.9,119
MDR00190,9,Akidah-Akhlak,73.5,85.3,129
MDR00190,9,Fikih,73.2,79.6,127
MDR00190,9,SKI,70.4,75.3,116
MDR00190,9,Quran-Hadis,65.6,66.5,121
MDR00190,9,Bahasa Arab,63.2,61.2,108
MDR00191,1,Akidah-Akhlak,59.3,50.0,23
MDR00191,1,Fikih,61.6,53.8,20
MDR00191,1,SKI,63.0,71.3,23
MDR00191,1,Quran-Hadis,60.5,53.3,21
MDR00191,1,Bahasa Arab,62.6,66.9,18
MDR00191,2,Akidah-Akhlak,66.8,66.0,23
MDR00191,2,Fikih,62.9,61.9,19
MDR00191,2,SKI,63.6,66.7,21
MDR00191,2,Quran-Hadis,62.2,49.2,22
MDR00191,2,Bahasa Arab,60.1,47.6,23
MDR00191,3,Akidah-Akhlak,60.9,51.1,21
MDR00191,3,Fikih,65.1,61.9,24
MDR00191,3,SKI,63.2,54.6,19
MDR00191,3,Quran-Hadis,61.7,56.6,19
MDR00191,3,Bahasa Arab,63.1,61.4,23
MDR00191,4,Akidah-Akhlak,60.1,50.9,21
MDR00191,4,Fikih,67.8,71.1,18
MDR00191,4,SKI,59.4,54.5,23
MDR00191,4,Quran-Hadis,57.5,56.1,22
MDR00191,4,Bahasa Arab,64.9,67.2,22
MDR00191,5,Akidah-Akhlak,66.0,64.7,18
MDR00191,5,Fikih,62.4,50.6,18
MDR00191,5,SKI,61.6,62.3,20
MDR00191,5,Quran-Hadis,61.9,54.8,20
MDR00191,5,Bahasa Arab,64.5,60.0,21
MDR00191,6,Akidah-Akhlak,61.2,52.5,19
MDR00191,6,Fikih,61.8,57.6,18
MDR00191,6,SKI,62.1,60.5,20
MDR00191,6,Quran-Hadis,70.9,71.0,19
MDR00191,6,Bahasa Arab,68.6,73.0,19
MDR00192,10,Akidah-Akhlak,70.6,67.2,143
MDR00192,10,Fikih,75.3,86.7,108
MDR00192,10,SKI,67.7,68.1,137
MDR00192,10,Quran-Hadis,69.5,77.0,113
MDR00192,10,Bahasa Arab,67.5,74.9,126
MDR00192,11,Akidah-Akhlak,70.4,80.2,109
MDR00192,11,Fikih,71.0,71.2,135
MDR00192,11,SKI,69.7,73.9,126
MDR00192,11,Quran-Hadis,69.3,73.2,130
MDR00192,11,Bahasa Arab,65.9,68.9,138
MDR00192,12,Akidah-Akhlak,70.5,81.1,137
MDR00192,12,Fikih,73.9,98.2,116
MDR00192,12,SKI,66.2,64.3,121
MDR00192,12,Quran-Hadis,71.6,83.8,138
MDR00192,12,Bahasa Arab,69.7,71.1,138
MDR00193,10,Akidah-Akhlak,72.9,81.2,71
MDR00193,10,Fikih,74.2,79.1,80
MDR00193,10,SKI,70.8,80.8,72
MDR00193,10,Quran-Hadis,65.9,74.7,68
MDR00193,10,Bahasa Arab,66.7,68.7,82
MDR00193,11,Akidah-Akhlak,68.8,74.2,69
MDR00193,11,Fikih,69.6,71.0,83
MDR00193,11,SKI,71.4,75.5,77
MDR00193,11,Quran-Hadis,75.6,97.8,75
MDR00193,11,Bahasa Arab,70.2,80.5,71
MDR00193,12,Akidah-Akhlak,71.8,90.1,84
MDR00193,12,Fikih,66.0,64.3,78
MDR00193,12,SKI,68.8,70.5,81
MDR00193,12,Quran-Hadis,70.0,77.9,75
MDR00193,12,Bahasa Arab,67.5,65.0,70
MDR00194,10,Akidah-Akhlak,82.3,100,107
MDR00194,10,Fikih,74.6,90.1,129
MDR00194,10,SKI,74.5,78.1,113
MDR00194,10,Quran-Hadis,77.6,99.1,129
MDR00194,10,Bahasa Arab,76.2,88.6,122
MDR00194,11,Akidah-Akhlak,78.2,91.4,118
MDR00194,11,Fikih,82.2,100,134
MDR00194,11,SKI,74.0,76.0,107
MDR00194,11,Quran-Hadis,76.5,91.1,118
MDR00194,11,Bahasa Arab,73.9,81.1,119
MDR00194,12,Akidah-Akhlak,79.0,100,106
MDR00194,12,Fikih,77.8,99.6,138
MDR00194,12,SKI,71.1,75.1,112
MDR00194,12,Quran-Hadis,81.8,100,137
MDR00194,12,Bahasa Arab,79.3,100,137
MDR00195,1,Akidah-Akhlak,68.1,74.1,40
MDR00195,1,Fikih,62.6,52.6,40
MDR00195,1,SKI,61.6,60.7,35
MDR00195,1,Quran-Hadis,63.1,61.2,45
MDR00195,1,Bahasa Arab,57.1,42.6,34
MDR00195,2,Akidah-Akhlak,66.1,57.1,38
MDR00195,2,Fikih,64.9,68.6,43
MDR00195,2,SKI,59.5,57.7,39
MDR00195,2,Quran-Hadis,64.6,62.1,43
MDR00195,2,Bahasa Arab,67.4,61.5,38
MDR00195,3,Akidah-Akhlak,70.8,71.5,45
MDR00195,3,Fikih,63.2,55.7,41
MDR00195,3,SKI,57.3,46.2,34
MDR00195,3,Quran-Hadis,66.4,70.0,33
MDR00195,3,Bahasa Arab,62.7,56.6,45
MDR00195,4,Akidah-Akhlak,67.9,72.3,38
MDR00195,4,Fikih,61.1,60.0,37
MDR00195,4,SKI,64.3,62.7,38
MDR00195,4,Quran-Hadis,58.5,48.9,42
MDR00195,4,Bahasa Arab,63.3,48.2,35
MDR00195,5,Akidah-Akhlak,64.3,62.9,44
MDR00195,5,Fikih,62.5,57.5,43
MDR00195,5,SKI,63.3,65.2,40
MDR00195,5,Quran-Hadis,60.6,58.6,37
MDR00195,5,Bahasa Arab,62.8,55.5,45
MDR00195,6,Akidah-Akhlak,64.5,64.2,36
MDR00195,6,Fikih,66.5,63.6,38
MDR00195,6,SKI,59.0,51.1,41
MDR00195,6,Quran-Hadis,66.6,74.6,42
MDR00195,6,Bahasa Arab,65.5,64.6,36
MDR00196,7,Akidah-Akhlak,79.6,100,59
MDR00196,7,Fikih,70.0,67.9,60
MDR00196,7,SKI,73.1,93.2,52
MDR00196,7,Quran-Hadis,78.0,99.9,51
MDR00196,7,Bahasa Arab,70.0,77.3,49
MDR00196,8,Akidah-Akhlak,77.0,87.8,50
MDR00196,8,Fikih,76.4,87.2,61
MDR00196,8,SKI,75.0,91.1,57
MDR00196,8,Quran-Hadis,74.5,83.9,63
MDR00196,8,Bahasa Arab,73.6,89.5,50
MDR00196,9,Akidah-Akhlak,75.3,91.5,51
MDR00196,9,Fikih,74.9,88.4,63
MDR00196,9,SKI,69.9,78.7,57
MDR00196,9,Quran-Hadis,79.8,99.2,50
MDR00196,9,Bahasa Arab,70.1,77.9,54
MDR00197,10,Akidah-Akhlak,76.7,95.6,36
MDR00197,10,Fikih,83.3,100,38
MDR00197,10,SKI,79.2,100,35
MDR00197,10,Quran-Hadis,83.8,100,37
MDR00197,10,Bahasa Arab,75.9,79.2,35
MDR00197,11,Akidah-Akhlak,73.4,69.5,36
MDR00197,11,Fikih,76.2,87.3,46
MDR00197,11,SKI,78.2,90.0,38
MDR00197,11,Quran-Hadis,77.3,98.6,43
MDR00197,11,Bahasa Arab,76.1,87.4,36
MDR00197,12,Akidah-Akhlak,78.2,94.8,40
MDR00197,12,Fikih,76.7,97.0,36
MDR00197,12,SKI,79.5,98.6,36
MDR00197,12,Quran-Hadis,76.9,99.8,38
MDR00197,12,Bahasa Arab,81.8,96.3,40
MDR00198,7,Akidah-Akhlak,68.6,73.8,79
MDR00198,7,Fikih,68.6,74.3,82
MDR00198,7,SKI,69.2,71.9,67
MDR00198,7,Quran-Hadis,74.3,88.4,67
MDR00198,7,Bahasa Arab,65.5,57.7,75
MDR00198,8,Akidah-Akhlak,77.8,99.4,75
MDR00198,8,Fikih,72.6,85.3,86
MDR00198,8,SKI,70.1,76.1,75
MDR00198,8,Quran-Hadis,75.0,83.7,83
MDR00198,8,Bahasa Arab,72.6,88.1,68
MDR00198,9,Akidah-Akhlak,69.5,81.2,67
MDR00198,9,Fikih,71.2,70.9,82
MDR00198,9,SKI,74.1,75.1,69
MDR00198,9,Quran-Hadis,69.1,70.0,84
MDR00198,9,Bahasa Arab,69.0,70.1,73
MDR00199,1,Akidah-Akhlak,78.2,100,49
MDR00199,1,Fikih,72.6,76.8,47
MDR00199,1,SKI,70.9,72.4,39
MDR00199,1,Quran-Hadis,81.0,97.3,49
MDR00199,1,Bahasa Arab,76.5,93.1,37
MDR00199,2,Akidah-Akhlak,75.8,100,37
MDR00199,2,Fikih,73.0,84.9,43
MDR00199,2,SKI,72.4,80.9,47
MDR00199,2,Quran-Hadis,75.0,86.2,45
MDR00199,2,Bahasa Arab,73.5,80.1,45
MDR00199,3,Akidah-Akhlak,74.9,78.2,38
MDR00199,3,Fikih,78.8,97.3,46
MDR00199,3,SKI,72.9,71.3,42
MDR00199,3,Quran-Hadis,79.1,100,44
MDR00199,3,Bahasa Arab,71.4,79.0,46
MDR00199,4,Akidah-Akhlak,81.8,100,45
MDR00199,4,Fikih,77.7,90.0,40
MDR00199,4,SKI,72.2,87.4,44
MDR00199,4,Quran-Hadis,77.3,93.3,45
MDR00199,4,Bahasa Arab,74.3,86.8,39
MDR00199,5,Akidah-Akhlak,74.8,91.3,47
MDR00199,5,Fikih,77.1,95.7,39
MDR00199,5,SKI,72.4,81.4,46
MDR00199,5,Quran-Hadis,78.8,88.4,39
MDR00199,5,Bahasa Arab,68.2,75.4,41
MDR00199,6,Akidah-Akhlak,80.0,95.6,47
MDR00199,6,Fikih,77.3,97.4,44
MDR00199,6,SKI,65.8,61.6,47
MDR00199,6,Quran-Hadis,79.6,95.7,39
MDR00199,6,Bahasa Arab,69.2,71.2,44
MDR00200,1,Akidah-Akhlak,73.3,87.0,32
MDR00200,1,Fikih,73.1,75.0,38
MDR00200,1,SKI,68.9,74.3,37
MDR00200,1,Quran-Hadis,78.9,96.5,35
MDR00200,1,Bahasa Arab,65.9,70.3,35
MDR00200,2,Akidah-Akhlak,73.4,82.1,38
MDR00200,2,Fikih,72.1,76.0,36
MDR00200,2,SKI,67.7,70.3,33
MDR00200,2,Quran-Hadis,74.6,80.1,34
MDR00200,2,Bahasa Arab,70.3,77.8,40
MDR00200,3,Akidah-Akhlak,74.5,87.1,33
MDR00200,3,Fikih,72.5,78.9,41
MDR00200,3,SKI,76.2,85.1,36
MDR00200,3,Quran-Hadis,76.2,85.2,38
MDR00200,3,Bahasa Arab,73.6,91.3,35
MDR00200,4,Akidah-Akhlak,71.0,78.7,39
MDR00200,4,Fikih,71.4,85.8,36
MDR00200,4,SKI,70.9,78.1,38
MDR00200,4,Quran-Hadis,67.2,59.7,38
MDR00200,4,Bahasa Arab,71.7,77.7,36
MDR00200,5,Akidah-Akhlak,75.5,88.2,33
MDR00200,5,Fikih,69.5,69.6,38
MDR00200,5,SKI,73.5,78.9,34
MDR00200,5,Quran-Hadis,77.7,85.1,39
MDR00200,5,Bahasa Arab,68.4,69.9,34
MDR00200,6,Akidah-Akhlak,79.0,97.2,41
MDR00200,6,Fikih,69.7,75.7,34
MDR00200,6,SKI,69.6,73.3,30
MDR00200,6,Quran-Hadis,73.5,85.7,31
MDR00200,6,Bahasa Arab,75.2,92.3,36
MDR00201,1,Akidah-Akhlak,74.1,89.6,38
MDR00201,1,Fikih,77.7,98.2,44
MDR00201,1,SKI,74.2,85.3,42
MDR00201,1,Quran-Hadis,77.4,92.9,36
MDR00201,1,Bahasa Arab,76.3,90.6,43
MDR00201,2,Akidah-Akhlak,70.3,76.5,34
MDR00201,2,Fikih,75.3,89.3,33
MDR00201,2,SKI,69.9,74.3,43
MDR00201,2,Quran-Hadis,76.4,89.1,41
MDR00201,2,Bahasa Arab,76.2,90.3,37
MDR00201,3,Akidah-Akhlak,82.6,100,42
MDR00201,3,Fikih,78.9,100,38
MDR00201,3,SKI,72.0,78.8,42
MDR00201,3,Quran-Hadis,77.6,94.1,38
MDR00201,3,Bahasa Arab,72.6,84.5,44
MDR00201,4,Akidah-Akhlak,75.8,92.9,33
MDR00201,4,Fikih,76.7,92.6,37
MDR00201,4,SKI,74.9,89.5,38
MDR00201,4,Quran-Hadis,75.7,84.7,37
MDR00201,4,Bahasa Arab,71.2,76.6,34
MDR00201,5,Akidah-Akhlak,77.0,86.9,39
MDR00201,5,Fikih,82.9,100,41
MDR00201,5,SKI,76.4,100,44
MDR00201,5,Quran-Hadis,78.1,95.5,35
MDR00201,5,Bahasa Arab,76.2,91.0,36
MDR00201,6,Akidah-Akhlak,80.1,96.3,42
MDR00201,6,Fikih,73.3,78.4,40
MDR00201,6,SKI,71.8,70.7,34
MDR00201,6,Quran-Hadis,75.1,80.2,42
MDR00201,6,Bahasa Arab,73.6,80.2,42
MDR00202,7,Akidah-Akhlak,80.8,100,66
MDR00202,7,Fikih,79.6,95.8,53
MDR00202,7,SKI,78.8,99.3,57
MDR00202,7,Quran-Hadis,74.4,89.4,52
MDR00202,7,Bahasa Arab,79.1,96.3,56
MDR00202,8,Akidah-Akhlak,82.6,99.9,63
MDR00202,8,Fikih,77.8,91.8,63
MDR00202,8,SKI,75.6,80.0,56
MDR00202,8,Quran-Hadis,86.8,100,56
MDR00202,8,Bahasa Arab,75.4,96.5,66
MDR00202,9,Akidah-Akhlak,85.0,100,57
MDR00202,9,Fikih,83.9,100,68
MDR00202,9,SKI,77.8,91.1,68
MDR00202,9,Quran-Hadis,80.5,100,53
MDR00202,9,Bahasa Arab,85.2,100,64
MDR00203,1,Akidah-Akhlak,60.5,46.1,20
MDR00203,1,Fikih,52.2,33.8,23
MDR00203,1,SKI,58.9,44.0,23
MDR00203,1,Quran-Hadis,57.4,39.9,18
MDR00203,1,Bahasa Arab,56.2,33.8,22
MDR00203,2,Akidah-Akhlak,55.8,37.8,20
MDR00203,2,Fikih,55.2,40.3,22
MDR00203,2,SKI,51.0,36.4,17
MDR00203,2,Quran-Hadis,60.5,52.1,22
MDR00203,2,Bahasa Arab,58.2,42.9,19
MDR00203,3,Akidah-Akhlak,57.3,39.9,23
MDR00203,3,Fikih,59.2,42.6,22
MDR00203,3,SKI,55.9,36.1,21
MDR00203,3,Quran-Hadis,55.5,46.0,21
MDR00203,3,Bahasa Arab,57.1,40.3,19
MDR00203,4,Akidah-Akhlak,57.4,39.8,20
MDR00203,4,Fikih,59.7,39.0,20
MDR00203,4,SKI,55.2,39.0,21
MDR00203,4,Quran-Hadis,55.7,32.8,20
MDR00203,4,Bahasa Arab,54.9,32.9,21
MDR00203,5,Akidah-Akhlak,62.6,56.3,18
MDR00203,5,Fikih,51.4,40.6,21
MDR00203,5,SKI,59.1,41.9,19
MDR00203,5,Quran-Hadis,59.2,51.7,21
MDR00203,5,Bahasa Arab,56.0,37.2,19
MDR00203,6,Akidah-Akhlak,55.3,34.7,20
MDR00203,6,Fikih,58.1,45.2,23
MDR00203,6,SKI,54.5,26.4,19
MDR00203,6,Quran-Hadis,60.9,46.7,22
MDR00203,6,Bahasa Arab,50.9,27.8,21
MDR00204,10,Akidah-Akhlak,76.9,93.1,40
MDR00204,10,Fikih,77.5,86.2,32
MDR00204,10,SKI,71.5,73.7,37
MDR00204,10,Quran-Hadis,82.6,100,36
MDR00204,10,Bahasa Arab,76.6,88.4,36
MDR00204,11,Akidah-Akhlak,77.2,89.3,34
MDR00204,11,Fikih,77.8,90.5,33
MDR00204,11,SKI,75.7,86.0,31
MDR00204,11,Quran-Hadis,74.9,93.4,35
MDR00204,11,Bahasa Arab,76.1,89.0,36
MDR00204,12,Akidah-Akhlak,80.6,92.7,34
MDR00204,12,Fikih,75.5,96.5,37
MDR00204,12,SKI,67.6,66.1,42
MDR00204,12,Quran-Hadis,77.8,97.7,33
MDR00204,12,Bahasa Arab,71.9,84.7,42
MDR00205,1,Akidah-Akhlak,87.1,100,39
MDR00205,1,Fikih,86.3,100,42
MDR00205,1,SKI,84.8,100,33
MDR00205,1,Quran-Hadis,90.2,100,39
MDR00205,1,Bahasa Arab,89.9,100,38
MDR00205,2,Akidah-Akhlak,86.6,100,39
MDR00205,2,Fikih,88.8,100,40
MDR00205,2,SKI,82.7,100,38
MDR00205,2,Quran-Hadis,91.8,100,39
MDR00205,2,Bahasa Arab,83.2,100,34
MDR00205,3,Akidah-Akhlak,88.9,100,35
MDR00205,3,Fikih,87.2,100,37
MDR00205,3,SKI,92.5,100,39
MDR00205,3,Quran-Hadis,85.4,100,36
MDR00205,3,Bahasa Arab,85.1,100,32
MDR00205,4,Akidah-Akhlak,93.9,100,41
MDR00205,4,Fikih,88.4,100,40
MDR00205,4,SKI,83.7,100,31
MDR00205,4,Quran-Hadis,87.0,100,40
MDR00205,4,Bahasa Arab,84.2,100,37
MDR00205,5,Akidah-Akhlak,91.7,100,33
MDR00205,5,Fikih,89.1,100,33
MDR00205,5,SKI,86.2,100,38
MDR00205,5,Quran-Hadis,86.2,100,41
MDR00205,5,Bahasa Arab,87.5,100,35
MDR00205,6,Akidah-Akhlak,89.8,100,35
MDR00205,6,Fikih,84.5,100,35
MDR00205,6,SKI,86.7,100,35
MDR00205,6,Quran-Hadis,91.9,100,32
MDR00205,6,Bahasa Arab,85.1,100,39
MDR00206,1,Akidah-Akhlak,75.3,85.5,40
MDR00206,1,Fikih,76.2,90.4,43
MDR00206,1,SKI,78.4,100,41
MDR00206,1,Quran-Hadis,77.0,95.8,43
MDR00206,1,Bahasa Arab,72.9,86.6,43
MDR00206,2,Akidah-Akhlak,79.4,100,38
MDR00206,2,Fikih,80.0,100,37
MDR00206,2,SKI,76.4,100,34
MDR00206,2,Quran-Hadis,75.9,80.6,40
MDR00206,2,Bahasa Arab,76.9,86.5,42
MDR00206,3,Akidah-Akhlak,80.3,100,43
MDR00206,3,Fikih,83.9,100,36
MDR00206,3,SKI,73.8,87.3,42
MDR00206,3,Quran-Hadis,76.1,86.5,41
MDR00206,3,Bahasa Arab,75.6,83.9,35
MDR00206,4,Akidah-Akhlak,78.1,97.2,44
MDR00206,4,Fikih,78.4,87.5,40
MDR00206,4,SKI,66.6,67.8,42
MDR00206,4,Quran-Hadis,74.3,89.2,36
MDR00206,4,Bahasa Arab,73.2,78.2,36
MDR00206,5,Akidah-Akhlak,76.8,93.6,34
MDR00206,5,Fikih,80.7,100,35
MDR00206,5,SKI,75.8,77.7,35
MDR00206,5,Quran-Hadis,78.9,100,35
MDR00206,5,Bahasa Arab,87.2,100,42
MDR00206,6,Akidah-Akhlak,80.5,100,39
MDR00206,6,Fikih,75.7,78.6,39
MDR00206,6,SKI,76.8,90.5,42
MDR00206,6,Quran-Hadis,83.6,100,35
MDR00206,6,Bahasa Arab,79.0,88.8,41
MDR00207,1,Akidah-Akhlak,78.8,96.2,13
MDR00207,1,Fikih,81.7,100,15
MDR00207,1,SKI,77.7,95.8,14
MDR00207,1,Quran-Hadis,82.6,100,17
MDR00207,1,Bahasa Arab,83.4,99.6,14
MDR00207,2,Akidah-Akhlak,77.0,93.7,14
MDR00207,2,Fikih,80.6,100,13
MDR00207,2,SKI,74.7,87.7,15
MDR00207,2,Quran-Hadis,79.1,100,15
MDR00207,2,Bahasa Arab,81.8,98.1,13
MDR00207,3,Akidah-Akhlak,80.6,95.1,15
MDR00207,3,Fikih,89.2,100,15
MDR00207,3,SKI,80.8,100,14
MDR00207,3,Quran-Hadis,79.7,85.4,13
MDR00207,3,Bahasa Arab,83.0,100,15
MDR00207,4,Akidah-Akhlak,77.3,92.4,16
MDR00207,4,Fikih,82.4,100,15
MDR00207,4,SKI,80.7,100,17
MDR00207,4,Quran-Hadis,82.8,100,15
MDR00207,4,Bahasa Arab,74.6,83.4,13
MDR00207,5,Akidah-Akhlak,77.8,96.0,12
MDR00207,5,Fikih,77.5,88.5,14
MDR00207,5,SKI,80.4,97.3,16
MDR00207,5,Quran-Hadis,81.4,100,14
MDR00207,5,Bahasa Arab,84.2,100,14
MDR00207,6,Akidah-Akhlak,79.9,94.0,13
MDR00207,6,Fikih,87.5,100,13
MDR00207,6,SKI,77.8,100,15
MDR00207,6,Quran-Hadis,79.2,86.5,15
MDR00207,6,Bahasa Arab,73.1,79.9,16
MDR00208,1,Akidah-Akhlak,81.6,100,11
MDR00208,1,Fikih,76.3,86.2,11
MDR00208,1,SKI,78.6,94.4,10
MDR00208,1,Quran-Hadis,78.8,87.0,10
MDR00208,1,Bahasa Arab,79.6,96.8,11
MDR00208,2,Akidah-Akhlak,74.7,93.5,13
MDR00208,2,Fikih,78.7,92.1,11
MDR00208,2,SKI,77.1,89.6,12
MDR00208,2,Quran-Hadis,75.8,88.2,12
MDR00208,2,Bahasa Arab,74.7,82.0,10
MDR00208,3,Akidah-Akhlak,81.3,100,11
MDR00208,3,Fikih,75.6,96.1,11
MDR00208,3,SKI,72.6,80.4,10
MDR00208,3,Quran-Hadis,74.4,88.3,11
MDR00208,3,Bahasa Arab,73.3,84.3,13
MDR00208,4,Akidah-Akhlak,81.1,97.7,12
MDR00208,4,Fikih,77.1,93.6,11
MDR00208,4,SKI,77.8,93.4,10
MDR00208,4,Quran-Hadis,79.5,100,11
MDR00208,4,Bahasa Arab,71.3,78.1,11
MDR00208,5,Akidah-Akhlak,74.9,88.1,10
MDR00208,5,Fikih,81.1,100,13
MDR00208,5,SKI,77.1,90.4,13
MDR00208,5,Quran-Hadis,78.9,100,11
MDR00208,5,Bahasa Arab,79.9,94.4,11
MDR00208,6,Akidah-Akhlak,78.7,99.4,10
MDR00208,6,Fikih,75.4,98.5,13
MDR00208,6,SKI,81.3,100,11
MDR00208,6,Quran-Hadis,76.3,90.9,11
MDR00208,6,Bahasa Arab,74.8,83.3,13
MDR00209,10,Akidah-Akhlak,71.1,71.9,31
MDR00209,10,Fikih,74.3,80.0,36
MDR00209,10,SKI,71.5,73.2,36
MDR00209,10,Quran-Hadis,76.8,92.9,38
MDR00209,10,Bahasa Arab,72.4,81.7,36
MDR00209,11,Akidah-Akhlak,75.6,96.4,38
MDR00209,11,Fikih,74.0,82.5,33
MDR00209,11,SKI,70.2,74.1,36
MDR00209,11,Quran-Hadis,72.1,80.4,30
MDR00209,11,Bahasa Arab,74.8,77.8,31
MDR00209,12,Akidah-Akhlak,81.7,100,35
MDR00209,12,Fikih,79.1,94.5,30
MDR00209,12,SKI,72.0,67.3,37
MDR00209,12,Quran-Hadis,76.2,86.0,34
MDR00209,12,Bahasa Arab,75.8,88.6,41
MDR00210,1,Akidah-Akhlak,59.1,53.0,28
MDR00210,1,Fikih,59.2,41.2,33
MDR00210,1,SKI,60.7,58.1,29
MDR00210,1,Quran-Hadis,64.2,61.3,28
MDR00210,1,Bahasa Arab,60.8,52.3,29
MDR00210,2,Akidah-Akhlak,62.4,68.6,31
MDR00210,2,Fikih,60.8,49.4,31
MDR00210,2,SKI,61.5,56.7,35
MDR00210,2,Quran-Hadis,62.6,54.2,34
MDR00210,2,Bahasa Arab,61.9,55.2,30
MDR00210,3,Akidah-Akhlak,60.8,58.6,27
MDR00210,3,Fikih,62.4,49.2,26
MDR00210,3,SKI,58.0,47.3,31
MDR00210,3,Quran-Hadis,56.2,36.2,35
MDR00210,3,Bahasa Arab,63.6,57.6,30
MDR00210,4,Akidah-Akhlak,61.7,54.9,27
MDR00210,4,Fikih,67.7,66.5,29
MDR00210,4,SKI,58.5,45.8,33
MDR00210,4,Quran-Hadis,54.2,31.3,26
MDR00210,4,Bahasa Arab,64.2,64.3,28
MDR00210,5,Akidah-Akhlak,55.3,40.4,29
MDR00210,5,Fikih,59.1,41.5,27
MDR00210,5,SKI,60.4,59.0,32
MDR00210,5,Quran-Hadis,60.1,57.9,32
MDR00210,5,Bahasa Arab,65.1,72.6,29
MDR00210,6,Akidah-Akhlak,65.2,65.8,30
MDR00210,6,Fikih,65.3,56.2,32
MDR00210,6,SKI,56.0,43.6,33
MDR00210,6,Quran-Hadis,65.1,61.7,32
MDR00210,6,Bahasa Arab,64.4,59.1,29
MDR00211,1,Akidah-Akhlak,71.0,82.8,44
MDR00211,1,Fikih,73.6,88.5,40
MDR00211,1,SKI,66.9,66.4,42
MDR00211,1,Quran-Hadis,65.7,63.2,43
MDR00211,1,Bahasa Arab,69.6,74.2,37
MDR00211,2,Akidah-Akhlak,71.5,81.7,40
MDR00211,2,Fikih,66.3,69.8,38
MDR00211,2,SKI,61.6,58.9,37
MDR00211,2,Quran-Hadis,69.0,80.2,41
MDR00211,2,Bahasa Arab,67.2,70.6,37
MDR00211,3,Akidah-Akhlak,67.0,66.1,40
MDR00211,3,Fikih,65.8,72.7,34
MDR00211,3,SKI,69.6,79.0,42
MDR00211,3,Quran-Hadis,64.2,63.3,42
MDR00211,3,Bahasa Arab,64.5,71.7,44
MDR00211,4,Akidah-Akhlak,70.9,82.8,44
MDR00211,4,Fikih,66.4,67.1,39
MDR00211,4,SKI,64.4,63.5,36
MDR00211,4,Quran-Hadis,71.3,68.7,35
MDR00211,4,Bahasa Arab,64.2,56.6,38
MDR00211,5,Akidah-Akhlak,70.1,80.4,37
MDR00211,5,Fikih,70.0,71.3,43
MDR00211,5,SKI,67.2,63.5,38
MDR00211,5,Quran-Hadis,65.1,65.1,34
MDR00211,5,Bahasa Arab,59.6,46.2,42
MDR00211,6,Akidah-Akhlak,70.8,83.4,41
MDR00211,6,Fikih,74.9,90.8,44
MDR00211,6,SKI,68.7,78.9,41
MDR00211,6,Quran-Hadis,72.2,74.7,37
MDR00211,6,Bahasa Arab,67.3,68.6,33
MDR00212,1,Akidah-Akhlak,80.1,100,30
MDR00212,1,Fikih,80.0,90.3,32
MDR00212,1,SKI,75.1,84.2,28
MDR00212,1,Quran-Hadis,82.0,100,29
MDR00212,1,Bahasa Arab,78.5,85.0,37
MDR00212,2,Akidah-Akhlak,76.6,90.5,34
MDR00212,2,Fikih,79.5,100,35
MDR00212,2,SKI,70.2,71.4,32
MDR00212,2,Quran-Hadis,82.3,100,35
MDR00212,2,Bahasa Arab,77.3,89.9,29
MDR00212,3,Akidah-Akhlak,80.5,96.2,30
MDR00212,3,Fikih,83.1,100,32
MDR00212,3,SKI,81.5,100,29
MDR00212,3,Quran-Hadis,82.0,100,31
MDR00212,3,Bahasa Arab,85.7,100,34
MDR00212,4,Akidah-Akhlak,86.7,100,30
MDR00212,4,Fikih,82.0,100,36
MDR00212,4,SKI,79.1,97.2,30
MDR00212,4,Quran-Hadis,76.2,89.7,32
MDR00212,4,Bahasa Arab,71.8,78.3,35
MDR00212,5,Akidah-Akhlak,80.8,96.9,29
MDR00212,5,Fikih,77.6,91.6,36
MDR00212,5,SKI,75.0,86.7,29
MDR00212,5,Quran-Hadis,81.1,100,30
MDR00212,5,Bahasa Arab,78.2,92.9,28
MDR00212,6,Akidah-Akhlak,81.9,100,28
MDR00212,6,Fikih,79.2,98.9,36
MDR00212,6,SKI,80.8,100,30
MDR00212,6,Quran-Hadis,79.3,98.5,28
MDR00212,6,Bahasa Arab,76.6,88.6,36
MDR00213,7,Akidah-Akhlak,74.9,85.7,89
MDR00213,7,Fikih,74.5,85.2,83
MDR00213,7,SKI,72.2,74.5,99
MDR00213,7,Quran-Hadis,78.8,100,75
MDR00213,7,Bahasa Arab,73.4,81.1,78
MDR00213,8,Akidah-Akhlak,75.6,91.5,77
MDR00213,8,Fikih,74.7,87.8,86
MDR00213,8,SKI,71.1,71.2,73
MDR00213,8,Quran-Hadis,71.5,74.4,90
MDR00213,8,Bahasa Arab,77.4,81.9,86
MDR00213,9,Akidah-Akhlak,77.8,93.1,92
MDR00213,9,Fikih,77.9,92.7,84
MDR00213,9,SKI,75.1,86.9,75
MDR00213,9,Quran-Hadis,72.5,78.0,76
MDR00213,9,Bahasa Arab,75.6,92.9,77
MDR00214,1,Akidah-Akhlak,61.6,59.0,34
MDR00214,1,Fikih,63.1,45.7,36
MDR00214,1,SKI,61.4,62.3,32
MDR00214,1,Quran-Hadis,61.0,39.4,29
MDR00214,1,Bahasa Arab,63.2,58.5,33
MDR00214,2,Akidah-Akhlak,59.8,62.3,28
MDR00214,2,Fikih,63.3,55.1,30
MDR00214,2,SKI,62.4,50.9,31
MDR00214,2,Quran-Hadis,63.5,53.3,31
MDR00214,2,Bahasa Arab,64.7,72.4,37
MDR00214,3,Akidah-Akhlak,66.0,68.0,36
MDR00214,3,Fikih,62.8,51.9,36
MDR00214,3,SKI,62.8,62.7,28
MDR00214,3,Quran-Hadis,68.4,65.6,32
MDR00214,3,Bahasa Arab,59.6,39.4,37
MDR00214,4,Akidah-Akhlak,67.6,72.5,37
MDR00214,4,Fikih,60.7,46.7,34
MDR00214,4,SKI,61.4,50.9,36
MDR00214,4,Quran-Hadis,65.0,60.9,34
MDR00214,4,Bahasa Arab,64.7,60.2,32
MDR00214,5,Akidah-Akhlak,68.9,77.7,32
MDR00214,5,Fikih,64.8,60.0,29
MDR00214,5,SKI,63.7,62.2,30
MDR00214,5,Quran-Hadis,63.4,58.0,35
MDR00214,5,Bahasa Arab,60.3,57.5,35
MDR00214,6,Akidah-Akhlak,56.6,40.7,34
MDR00214,6,Fikih,59.0,40.3,31
MDR00214,6,SKI,62.5,63.1,35
MDR00214,6,Quran-Hadis,60.3,49.4,38
MDR00214,6,Bahasa Arab,61.0,43.7,38
MDR00215,1,Akidah-Akhlak,69.5,66.1,41
MDR00215,1,Fikih,69.6,77.0,41
MDR00215,1,SKI,69.8,72.4,34
MDR00215,1,Quran-Hadis,72.9,78.7,38
MDR00215,1,Bahasa Arab,67.3,63.9,34
MDR00215,2,Akidah-Akhlak,73.9,95.3,36
MDR00215,2,Fikih,70.4,82.6,35
MDR00215,2,SKI,70.1,76.1,39
MDR00215,2,Quran-Hadis,76.3,90.5,44
MDR00215,2,Bahasa Arab,67.5,74.0,36
MDR00215,3,Akidah-Akhlak,78.8,100,34
MDR00215,3,Fikih,79.2,93.6,44
MDR00215,3,SKI,71.7,80.0,38
MDR00215,3,Quran-Hadis,76.5,99.6,37
MDR00215,3,Bahasa Arab,68.5,59.2,35
MDR00215,4,Akidah-Akhlak,69.3,70.4,41
MDR00215,4,Fikih,72.1,79.6,42
MDR00215,4,SKI,70.7,69.6,42
MDR00215,4,Quran-Hadis,68.4,64.5,41
MDR00215,4,Bahasa Arab,75.6,93.7,34
MDR00215,5,Akidah-Akhlak,75.4,80.8,34
MDR00215,5,Fikih,71.4,71.2,39
MDR00215,5,SKI,69.1,71.9,34
MDR00215,5,Quran-Hadis,72.4,81.9,37
MDR00215,5,Bahasa Arab,69.4,77.7,35
MDR00215,6,Akidah-Akhlak,73.1,84.1,38
MDR00215,6,Fikih,68.0,73.9,42
MDR00215,6,SKI,66.5,72.1,36
MDR00215,6,Quran-Hadis,75.5,78.6,40
MDR00215,6,Bahasa Arab,69.5,70.5,40
MDR00216,1,Akidah-Akhlak,75.3,84.9,9
MDR00216,1,Fikih,78.7,100,9
MDR00216,1,SKI,66.8,72.4,10
MDR00216,1,Quran-Hadis,69.5,77.0,10
MDR00216,1,Bahasa Arab,71.9,74.0,9
MDR00216,2,Akidah-Akhlak,76.1,95.6,8
MDR00216,2,Fikih,75.6,89.5,8
MDR00216,2,SKI,71.0,81.7,9
MDR00216,2,Quran-Hadis,74.0,84.1,8
MDR00216,2,Bahasa Arab,74.5,84.1,8
MDR00216,3,Akidah-Akhlak,79.5,95.9,7
MDR00216,3,Fikih,79.4,100,7
MDR00216,3,SKI,76.0,77.3,9
MDR00216,3,Quran-Hadis,75.6,82.2,8
MDR00216,3,Bahasa Arab,72.6,78.6,10
MDR00216,4,Akidah-Akhlak,83.2,99.1,10
MDR00216,4,Fikih,77.9,92.1,10
MDR00216,4,SKI,71.1,74.6,9
MDR00216,4,Quran-Hadis,75.9,79.3,9
MDR00216,4,Bahasa Arab,71.6,73.0,7
MDR00216,5,Akidah-Akhlak,76.2,96.6,8
MDR00216,5,Fikih,75.3,84.1,7
MDR00216,5,SKI,77.2,93.2,9
MDR00216,5,Quran-Hadis,76.3,90.6,8
MDR00216,5,Bahasa Arab,80.5,99.8,10
MDR00216,6,Akidah-Akhlak,78.2,92.5,8
MDR00216,6,Fikih,70.5,80.0,10
MDR00216,6,SKI,74.2,91.2,9
MDR00216,6,Quran-Hadis,82.1,100,7
MDR00216,6,Bahasa Arab,74.9,83.2,10
MDR00217,1,Akidah-Akhlak,63.0,58.8,26
MDR00217,1,Fikih,67.8,76.3,29
MDR00217,1,SKI,64.9,70.8,34
MDR00217,1,Quran-Hadis,68.9,62.6,34
MDR00217,1,Bahasa Arab,71.4,79.1,33
MDR00217,2,Akidah-Akhlak,75.2,82.4,32
MDR00217,2,Fikih,70.2,78.5,31
MDR00217,2,SKI,69.6,81.3,27
MDR00217,2,Quran-Hadis,66.7,78.5,26
MDR00217,2,Bahasa Arab,66.3,71.1,27
MDR00217,3,Akidah-Akhlak,70.4,74.3,26
MDR00217,3,Fikih,66.3,70.4,34
MDR00217,3,SKI,63.4,62.4,27
MDR00217,3,Quran-Hadis,72.6,79.4,27
MDR00217,3,Bahasa Arab,63.5,60.2,30
MDR00217,4,Akidah-Akhlak,70.5,61.3,33
MDR00217,4,Fikih,70.3,77.2,29
MDR00217,4,SKI,74.7,83.5,28
MDR00217,4,Quran-Hadis,67.2,60.1,27
MDR00217,4,Bahasa Arab,67.6,75.5,28
MDR00217,5,Akidah-Akhlak,69.9,68.1,31
MDR00217,5,Fikih,70.1,77.7,30
MDR00217,5,SKI,68.3,73.7,34
MDR00217,5,Quran-Hadis,72.9,77.4,34
MDR00217,5,Bahasa Arab,69.4,71.8,26
MDR00217,6,Akidah-Akhlak,73.5,79.6,29
MDR00217,6,Fikih,67.0,64.7,31
MDR00217,6,SKI,61.7,52.4,30
MDR00217,6,Quran-Hadis,73.2,79.8,28
MDR00217,6,Bahasa Arab,67.5,66.6,28
MDR00218,7,Akidah-Akhlak,77.5,96.6,112
MDR00218,7,Fikih,72.4,85.0,107
MDR00218,7,SKI,70.8,77.6,112
MDR00218,7,Quran-Hadis,75.7,92.9,127
MDR00218,7,Bahasa Arab,77.3,92.9,114
MDR00218,8,Akidah-Akhlak,77.0,96.7,119
MDR00218,8,Fikih,74.6,92.9,128
MDR00218,8,SKI,72.2,79.6,115
MDR00218,8,Quran-Hadis,76.4,84.0,109
MDR00218,8,Bahasa Arab,73.8,85.2,129
MDR00218,9,Akidah-Akhlak,77.5,88.6,133
MDR00218,9,Fikih,67.5,68.9,114
MDR00218,9,SKI,72.3,72.5,137
MDR00218,9,Quran-Hadis,78.9,99.0,144
MDR00218,9,Bahasa Arab,73.4,75.3,141
MDR00219,10,Akidah-Akhlak,77.2,94.1,76
MDR00219,10,Fikih,69.9,69.5,78
MDR00219,10,SKI,71.9,82.2,84
MDR00219,10,Quran-Hadis,76.1,98.4,98
MDR00219,10,Bahasa Arab,74.4,95.4,83
MDR00219,11,Akidah-Akhlak,67.8,65.2,85
MDR00219,11,Fikih,65.7,57.8,75
MDR00219,11,SKI,65.1,73.0,83
MDR00219,11,Quran-Hadis,73.6,89.2,96
MDR00219,11,Bahasa Arab,70.7,74.1,82
MDR00219,12,Akidah-Akhlak,69.7,66.3,89
MDR00219,12,Fikih,75.7,89.9,98
MDR00219,12,SKI,73.5,87.3,94
MDR00219,12,Quran-Hadis,78.4,97.5,89
MDR00219,12,Bahasa Arab,72.6,84.6,82
MDR00220,1,Akidah-Akhlak,72.5,80.8,39
MDR00220,1,Fikih,69.7,79.1,46
MDR00220,1,SKI,68.4,66.5,48
MDR00220,1,Quran-Hadis,67.3,58.9,40
MDR00220,1,Bahasa Arab,69.6,74.5,48
MDR00220,2,Akidah-Akhlak,69.5,79.1,44
MDR00220,2,Fikih,75.2,82.9,49
MDR00220,2,SKI,66.3,59.7,48
MDR00220,2,Quran-Hadis,69.9,72.1,44
MDR00220,2,Bahasa Arab,64.2,57.7,51
MDR00220,3,Akidah-Akhlak,70.2,79.8,38
MDR00220,3,Fikih,65.2,53.5,50
MDR00220,3,SKI,66.1,65.0,40
MDR00220,3,Quran-Hadis,67.4,65.2,40
MDR00220,3,Bahasa Arab,71.3,75.9,39
MDR00220,4,Akidah-Akhlak,73.5,75.1,38
MDR00220,4,Fikih,73.6,88.0,43
MDR00220,4,SKI,71.2,77.9,48
MDR00220,4,Quran-Hadis,72.8,85.8,39
MDR00220,4,Bahasa Arab,66.9,65.7,49
MDR00220,5,Akidah-Akhlak,68.6,66.2,42
MDR00220,5,Fikih,65.8,62.7,39
MDR00220,5,SKI,68.5,70.2,49
MDR00220,5,Quran-Hadis,67.5,70.4,38
MDR00220,5,Bahasa Arab,68.8,73.0,50
MDR00220,6,Akidah-Akhlak,71.1,75.1,42
MDR00220,6,Fikih,71.9,86.5,46
MDR00220,6,SKI,59.1,39.9,48
MDR00220,6,Quran-Hadis,70.6,81.8,39
MDR00220,6,Bahasa Arab,67.4,59.5,47
MDR00221,7,Akidah-Akhlak,73.6,77.5,99
MDR00221,7,Fikih,68.7,74.7,102
MDR00221,7,SKI,63.8,56.4,100
MDR00221,7,Quran-Hadis,71.4,73.7,95
MDR00221,7,Bahasa Arab,72.3,80.3,110
MDR00221,8,Akidah-Akhlak,71.3,84.6,96
MDR00221,8,Fikih,70.3,90.1,84
MDR00221,8,SKI,69.5,70.4,88
MDR00221,8,Quran-Hadis,75.0,92.2,103
MDR00221,8,Bahasa Arab,75.7,82.4,109
MDR00221,9,Akidah-Akhlak,79.8,95.7,110
MDR00221,9,Fikih,69.0,71.5,90
MDR00221,9,SKI,76.6,97.3,108
MDR00221,9,Quran-Hadis,73.9,88.9,102
MDR00221,9,Bahasa Arab,68.3,67.1,105
MDR00222,7,Akidah-Akhlak,76.2,90.7,90
MDR00222,7,Fikih,70.5,77.6,77
MDR00222,7,SKI,69.8,70.9,76
MDR00222,7,Quran-Hadis,75.2,94.1,86
MDR00222,7,Bahasa Arab,73.9,91.6,80
MDR00222,8,Akidah-Akhlak,77.5,97.8,91
MDR00222,8,Fikih,81.8,100,84
MDR00222,8,SKI,72.2,76.0,85
MDR00222,8,Quran-Hadis,76.0,92.1,97
MDR00222,8,Bahasa Arab,72.7,79.8,88
MDR00222,9,Akidah-Akhlak,76.0,87.3,96
MDR00222,9,Fikih,83.8,100,99
MDR00222,9,SKI,74.2,85.0,98
MDR00222,9,Quran-Hadis,78.9,97.2,91
MDR00222,9,Bahasa Arab,77.1,93.2,86
MDR00223,1,Akidah-Akhlak,69.7,85.3,29
MDR00223,1,Fikih,69.4,76.1,24
MDR00223,1,SKI,70.6,79.0,24
MDR00223,1,Quran-Hadis,67.0,58.6,29
MDR00223,1,Bahasa Arab,71.0,70.8,28
MDR00223,2,Akidah-Akhlak,73.1,92.3,25
MDR00223,2,Fikih,70.2,73.1,28
MDR00223,2,SKI,64.1,61.3,29
MDR00223,2,Quran-Hadis,65.0,65.0,29
MDR00223,2,Bahasa Arab,65.2,55.0,29
MDR00223,3,Akidah-Akhlak,68.3,62.8,23
MDR00223,3,Fikih,65.4,57.4,26
MDR00223,3,SKI,63.4,60.2,31
MDR00223,3,Quran-Hadis,65.6,76.7,31
MDR00223,3,Bahasa Arab,66.8,61.0,27
MDR00223,4,Akidah-Akhlak,72.3,87.0,29
MDR00223,4,Fikih,69.5,77.4,26
MDR00223,4,SKI,58.8,47.3,30
MDR00223,4,Quran-Hadis,73.1,87.4,29
MDR00223,4,Bahasa Arab,66.5,67.6,27
MDR00223,5,Akidah-Akhlak,70.0,74.9,26
MDR00223,5,Fikih,68.7,67.1,25
MDR00223,5,SKI,62.9,52.6,25
MDR00223,5,Quran-Hadis,63.2,52.4,25
MDR00223,5,Bahasa Arab,68.7,68.0,27
MDR00223,6,Akidah-Akhlak,70.9,76.5,29
MDR00223,6,Fikih,71.7,88.4,24
MDR00223,6,SKI,64.6,57.0,28
MDR00223,6,Quran-Hadis,69.6,76.2,26
MDR00223,6,Bahasa Arab,64.9,68.2,30
MDR00224,1,Akidah-Akhlak,74.0,80.7,42
MDR00224,1,Fikih,79.2,100,48
MDR00224,1,SKI,70.5,71.1,39
MDR00224,1,Quran-Hadis,76.3,96.6,38
MDR00224,1,Bahasa Arab,72.9,79.4,39
MDR00224,2,Akidah-Akhlak,76.6,91.9,51
MDR00224,2,Fikih,73.2,93.3,42
MDR00224,2,SKI,80.5,93.4,44
MDR00224,2,Quran-Hadis,77.8,100,48
MDR00224,2,Bahasa Arab,75.0,89.5,43
MDR00224,3,Akidah-Akhlak,75.3,89.5,40
MDR00224,3,Fikih,76.1,100,50
MDR00224,3,SKI,73.4,79.8,46
MDR00224,3,Quran-Hadis,69.7,63.8,48
MDR00224,3,Bahasa Arab,76.9,87.4,42
MDR00224,4,Akidah-Akhlak,77.1,81.9,40
MDR00224,4,Fikih,77.0,96.8,51
MDR00224,4,SKI,72.7,86.7,42
MDR00224,4,Quran-Hadis,74.1,90.7,42
MDR00224,4,Bahasa Arab,72.5,79.9,41
MDR00224,5,Akidah-Akhlak,73.9,95.7,49
MDR00224,5,Fikih,76.3,89.8,42
MDR00224,5,SKI,71.7,75.5,40
MDR00224,5,Quran-Hadis,74.5,87.6,45
MDR00224,5,Bahasa Arab,72.2,81.3,40
MDR00224,6,Akidah-Akhlak,73.1,74.7,45
MDR00224,6,Fikih,75.1,90.8,47
MDR00224,6,SKI,70.4,77.7,42
MDR00224,6,Quran-Hadis,78.4,94.9,41
MDR00224,6,Bahasa Arab,70.7,81.9,45
MDR00225,1,Akidah-Akhlak,68.4,75.6,48
MDR00225,1,Fikih,73.9,78.8,40
MDR00225,1,SKI,74.3,87.3,49
MDR00225,1,Quran-Hadis,73.8,84.9,46
MDR00225,1,Bahasa Arab,72.0,77.7,37
MDR00225,2,Akidah-Akhlak,74.5,87.1,49
MDR00225,2,Fikih,66.6,65.6,38
MDR00225,2,SKI,66.6,63.0,37
MDR00225,2,Quran-Hadis,74.6,87.7,38
MDR00225,2,Bahasa Arab,69.0,84.1,40
MDR00225,3,Akidah-Akhlak,72.7,83.9,48
MDR00225,3,Fikih,67.4,77.7,47
MDR00225,3,SKI,68.2,70.1,43
MDR00225,3,Quran-Hadis,73.5,87.9,45
MDR00225,3,Bahasa Arab,67.3,58.2,45
MDR00225,4,Akidah-Akhlak,67.2,63.9,40
MDR00225,4,Fikih,70.2,73.2,46
MDR00225,4,SKI,69.3,69.6,47
MDR00225,4,Quran-Hadis,75.8,96.7,45
MDR00225,4,Bahasa Arab,75.0,99.5,37
MDR00225,5,Akidah-Akhlak,70.8,71.8,40
MDR00225,5,Fikih,72.9,78.5,38
MDR00225,5,SKI,72.9,79.9,41
MDR00225,5,Quran-Hadis,74.8,83.4,39
MDR00225,5,Bahasa Arab,71.7,85.8,41
MDR00225,6,Akidah-Akhlak,72.7,85.1,42
MDR00225,6,Fikih,70.9,77.6,42
MDR00225,6,SKI,69.9,69.5,40
MDR00225,6,Quran-Hadis,75.8,87.2,48
MDR00225,6,Bahasa Arab,70.4,86.5,49
MDR00226,10,Akidah-Akhlak,63.9,61.8,60
MDR00226,10,Fikih,70.6,80.8,57
MDR00226,10,SKI,75.0,88.0,64
MDR00226,10,Quran-Hadis,65.3,63.4,65
MDR00226,10,Bahasa Arab,68.1,58.3,56
MDR00226,11,Akidah-Akhlak,71.8,77.7,61
MDR00226,11,Fikih,61.5,69.9,59
MDR00226,11,SKI,63.3,56.7,71
MDR00226,11,Quran-Hadis,69.8,72.9,67
MDR00226,11,Bahasa Arab,70.6,76.9,58
MDR00226,12,Akidah-Akhlak,71.8,79.9,71
MDR00226,12,Fikih,67.7,76.6,67
MDR00226,12,SKI,72.2,76.7,61
MDR00226,12,Quran-Hadis,69.3,71.9,59
MDR00226,12,Bahasa Arab,66.8,64.6,65
MDR00227,7,Akidah-Akhlak,65.5,63.6,83
MDR00227,7,Fikih,67.0,73.5,78
MDR00227,7,SKI,63.5,62.0,86
MDR00227,7,Quran-Hadis,71.5,78.0,74
MDR00227,7,Bahasa Arab,65.9,64.8,78
MDR00227,8,Akidah-Akhlak,72.2,87.1,95
MDR00227,8,Fikih,65.1,58.3,94
MDR00227,8,SKI,68.5,65.9,81
MDR00227,8,Quran-Hadis,64.4,53.0,93
MDR00227,8,Bahasa Arab,68.8,74.2,77
MDR00227,9,Akidah-Akhlak,67.0,68.3,88
MDR00227,9,Fikih,62.7,63.9,89
MDR00227,9,SKI,75.0,92.8,91
MDR00227,9,Quran-Hadis,71.5,80.0,92
MDR00227,9,Bahasa Arab,66.7,62.9,97
MDR00228,1,Akidah-Akhlak,57.3,40.1,17
MDR00228,1,Fikih,60.8,54.8,14
MDR00228,1,SKI,58.3,47.3,17
MDR00228,1,Quran-Hadis,59.8,51.7,13
MDR00228,1,Bahasa Arab,56.2,37.6,15
MDR00228,2,Akidah-Akhlak,58.0,45.9,16
MDR00228,2,Fikih,58.3,56.5,15
MDR00228,2,SKI,57.5,50.6,15
MDR00228,2,Quran-Hadis,63.7,58.4,16
MDR00228,2,Bahasa Arab,63.8,55.4,16
MDR00228,3,Akidah-Akhlak,60.1,42.8,16
MDR00228,3,Fikih,56.6,36.3,15
MDR00228,3,SKI,59.9,52.5,15
MDR00228,3,Quran-Hadis,59.8,51.5,14
MDR00228,3,Bahasa Arab,59.3,43.8,14
MDR00228,4,Akidah-Akhlak,61.4,63.2,13
MDR00228,4,Fikih,61.4,48.0,15
MDR00228,4,SKI,56.1,43.4,15
MDR00228,4,Quran-Hadis,63.9,72.2,17
MDR00228,4,Bahasa Arab,59.1,52.2,16
MDR00228,5,Akidah-Akhlak,57.8,41.9,15
MDR00228,5,Fikih,61.8,42.9,16
MDR00228,5,SKI,59.3,53.8,16
MDR00228,5,Quran-Hadis,59.8,43.6,18
MDR00228,5,Bahasa Arab,57.2,41.2,18
MDR00228,6,Akidah-Akhlak,54.5,27.9,15
MDR00228,6,Fikih,63.5,43.2,14
MDR00228,6,SKI,58.8,51.5,16
MDR00228,6,Quran-Hadis,58.3,51.1,17
MDR00228,6,Bahasa Arab,64.7,60.1,16
MDR00229,7,Akidah-Akhlak,72.3,74.1,125
MDR00229,7,Fikih,73.9,85.1,120
MDR00229,7,SKI,70.5,74.6,110
MDR00229,7,Quran-Hadis,69.7,82.4,105
MDR00229,7,Bahasa Arab,70.2,76.0,110
MDR00229,8,Akidah-Akhlak,69.2,76.4,117
MDR00229,8,Fikih,72.4,85.6,106
MDR00229,8,SKI,69.8,73.2,112
MDR00229,8,Quran-Hadis,75.2,91.8,104
MDR00229,8,Bahasa Arab,71.3,77.1,97
MDR00229,9,Akidah-Akhlak,74.2,84.8,114
MDR00229,9,Fikih,71.8,84.7,118
MDR00229,9,SKI,66.6,70.9,114
MDR00229,9,Quran-Hadis,73.7,94.5,109
MDR00229,9,Bahasa Arab,68.6,67.5,95
MDR00230,1,Akidah-Akhlak,76.0,84.3,27
MDR00230,1,Fikih,75.0,85.3,27
MDR00230,1,SKI,76.4,85.5,20
MDR00230,1,Quran-Hadis,77.0,100,27
MDR00230,1,Bahasa Arab,68.2,72.6,25
MDR00230,2,Akidah-Akhlak,76.8,90.8,24
MDR00230,2,Fikih,66.8,64.8,27
MDR00230,2,SKI,79.5,99.3,22
MDR00230,2,Quran-Hadis,73.0,83.2,25
MDR00230,2,Bahasa Arab,71.3,72.7,26
MDR00230,3,Akidah-Akhlak,76.4,90.6,23
MDR00230,3,Fikih,79.3,98.9,24
MDR00230,3,SKI,70.5,67.6,22
MDR00230,3,Quran-Hadis,78.4,94.9,26
MDR00230,3,Bahasa Arab,76.3,90.6,21
MDR00230,4,Akidah-Akhlak,79.7,100,23
MDR00230,4,Fikih,78.4,100,20
MDR00230,4,SKI,72.8,82.7,22
MDR00230,4,Quran-Hadis,78.2,100,23
MDR00230,4,Bahasa Arab,71.2,78.5,24
MDR00230,5,Akidah-Akhlak,76.6,92.9,20
MDR00230,5,Fikih,80.6,98.4,22
MDR00230,5,SKI,72.6,83.8,25
MDR00230,5,Quran-Hadis,78.4,80.7,22
MDR00230,5,Bahasa Arab,77.7,93.4,27
MDR00230,6,Akidah-Akhlak,79.6,100,22
MDR00230,6,Fikih,75.2,88.3,23
MDR00230,6,SKI,75.8,87.9,27
MDR00230,6,Quran-Hadis,78.3,95.4,22
MDR00230,6,Bahasa Arab,76.9,90.3,24
MDR00231,1,Akidah-Akhlak,75.2,77.7,48
MDR00231,1,Fikih,72.8,80.8,41
MDR00231,1,SKI,69.8,69.9,45
MDR00231,1,Quran-Hadis,79.7,91.4,42
MDR00231,1,Bahasa Arab,69.6,76.9,52
MDR00231,2,Akidah-Akhlak,74.2,82.8,50
MDR00231,2,Fikih,71.1,71.1,39
MDR00231,2,SKI,71.8,79.6,44
MDR00231,2,Quran-Hadis,75.0,85.6,47
MDR00231,2,Bahasa Arab,71.2,69.9,44
MDR00231,3,Akidah-Akhlak,76.4,85.2,45
MDR00231,3,Fikih,74.4,90.3,49
MDR00231,3,SKI,73.8,93.3,47
MDR00231,3,Quran-Hadis,70.8,74.7,45
MDR00231,3,Bahasa Arab,71.1,74.0,42
MDR00231,4,Akidah-Akhlak,70.0,72.4,44
MDR00231,4,Fikih,68.6,76.0,40
MDR00231,4,SKI,71.5,76.3,42
MDR00231,4,Quran-Hadis,77.8,88.8,39
MDR00231,4,Bahasa Arab,75.6,84.9,52
MDR00231,5,Akidah-Akhlak,72.7,85.5,45
MDR00231,5,Fikih,73.9,78.0,40
MDR00231,5,SKI,65.4,63.3,42
MDR00231,5,Quran-Hadis,77.6,96.8,47
MDR00231,5,Bahasa Arab,71.3,82.0,49
MDR00231,6,Akidah-Akhlak,78.7,89.9,48
MDR00231,6,Fikih,73.7,87.6,49
MDR00231,6,SKI,70.8,78.8,52
MDR00231,6,Quran-Hadis,74.0,79.1,40
MDR00231,6,Bahasa Arab,74.6,77.6,45
MDR00232,1,Akidah-Akhlak,72.9,74.6,26
MDR00232,1,Fikih,73.3,89.4,33
MDR00232,1,SKI,65.6,60.9,25
MDR00232,1,Quran-Hadis,71.1,76.3,28
MDR00232,1,Bahasa Arab,67.6,73.1,29
MDR00232,2,Akidah-Akhlak,75.3,84.0,28
MDR00232,2,Fikih,74.0,80.6,33
MDR00232,2,SKI,69.8,86.4,30
MDR00232,2,Quran-Hadis,77.4,90.0,30
MDR00232,2,Bahasa Arab,66.6,69.7,27
MDR00232,3,Akidah-Akhlak,73.1,92.1,32
MDR00232,3,Fikih,68.4,71.2,32
MDR00232,3,SKI,65.8,62.2,31
MDR00232,3,Quran-Hadis,72.5,75.7,27
MDR00232,3,Bahasa Arab,68.6,72.0,26
MDR00232,4,Akidah-Akhlak,69.5,76.5,30
MDR00232,4,Fikih,74.6,95.8,29
MDR00232,4,SKI,68.0,58.7,27
MDR00232,4,Quran-Hadis,69.0,76.9,27
MDR00232,4,Bahasa Arab,66.0,59.6,26
MDR00232,5,Akidah-Akhlak,69.6,70.3,30
MDR00232,5,Fikih,64.8,67.1,32
MDR00232,5,SKI,68.9,65.8,33
MDR00232,5,Quran-Hadis,71.0,74.8,31
MDR00232,5,Bahasa Arab,64.8,69.8,29
MDR00232,6,Akidah-Akhlak,71.6,71.2,26
MDR00232,6,Fikih,67.2,67.7,32
MDR00232,6,SKI,68.5,73.0,31
MDR00232,6,Quran-Hadis,66.2,70.7,29
MDR00232,6,Bahasa Arab,69.8,81.1,29
MDR00233,1,Akidah-Akhlak,70.5,69.9,24
MDR00233,1,Fikih,69.2,71.0,21
MDR00233,1,SKI,70.5,81.5,21
MDR00233,1,Quran-Hadis,68.5,72.1,23
MDR00233,1,Bahasa Arab,69.3,74.5,29
MDR00233,2,Akidah-Akhlak,66.3,72.8,27
MDR00233,2,Fikih,70.0,80.0,23
MDR00233,2,SKI,61.7,45.9,22
MDR00233,2,Quran-Hadis,68.9,68.5,23
MDR00233,2,Bahasa Arab,63.2,60.0,28
MDR00233,3,Akidah-Akhlak,70.3,77.8,27
MDR00233,3,Fikih,70.3,75.1,27
MDR00233,3,SKI,66.4,63.8,22
MDR00233,3,Quran-Hadis,70.8,79.0,26
MDR00233,3,Bahasa Arab,67.8,69.5,25
MDR00233,4,Akidah-Akhlak,74.0,75.3,26
MDR00233,4,Fikih,69.1,72.1,26
MDR00233,4,SKI,67.8,62.9,26
MDR00233,4,Quran-Hadis,68.8,70.3,22
MDR00233,4,Bahasa Arab,66.4,71.5,28
MDR00233,5,Akidah-Akhlak,75.0,97.5,27
MDR00233,5,Fikih,69.6,84.9,23
MDR00233,5,SKI,62.6,61.3,28
MDR00233,5,Quran-Hadis,68.3,71.1,24
MDR00233,5,Bahasa Arab,68.0,62.4,27
MDR00233,6,Akidah-Akhlak,74.6,83.3,29
MDR00233,6,Fikih,64.3,62.8,25
MDR00233,6,SKI,71.5,79.9,22
MDR00233,6,Quran-Hadis,69.8,67.3,26
MDR00233,6,Bahasa Arab,71.2,81.9,27
MDR00234,10,Akidah-Akhlak,68.7,68.9,21
MDR00234,10,Fikih,64.9,66.4,25
MDR00234,10,SKI,69.4,75.8,23
MDR00234,10,Quran-Hadis,65.4,64.8,23
MDR00234,10,Bahasa Arab,66.4,64.8,20
MDR00234,11,Akidah-Akhlak,67.2,64.1,20
MDR00234,11,Fikih,69.6,71.6,21
MDR00234,11,SKI,64.7,65.6,24
MDR00234,11,Quran-Hadis,66.5,62.3,20
MDR00234,11,Bahasa Arab,72.7,84.5,23
MDR00234,12,Akidah-Akhlak,68.5,58.2,20
MDR00234,12,Fikih,67.4,65.3,22
MDR00234,12,SKI,68.2,68.2,22
MDR00234,12,Quran-Hadis,70.8,74.4,24
MDR00234,12,Bahasa Arab,62.7,56.8,20
MDR00235,10,Akidah-Akhlak,70.2,71.3,65
MDR00235,10,Fikih,73.3,85.2,66
MDR00235,10,SKI,71.9,80.4,62
MDR00235,10,Quran-Hadis,80.8,98.9,78
MDR00235,10,Bahasa Arab,75.3,87.0,77
MDR00235,11,Akidah-Akhlak,74.8,73.5,74
MDR00235,11,Fikih,78.7,90.0,59
MDR00235,11,SKI,72.2,88.9,62
MDR00235,11,Quran-Hadis,78.1,90.3,62
MDR00235,11,Bahasa Arab,70.9,86.8,77
MDR00235,12,Akidah-Akhlak,72.6,82.8,73
MDR00235,12,Fikih,79.8,100,67
MDR00235,12,SKI,72.4,76.4,66
MDR00235,12,Quran-Hadis,76.9,92.0,65
MDR00235,12,Bahasa Arab,73.2,91.9,65
MDR00236,1,Akidah-Akhlak,68.5,74.0,17
MDR00236,1,Fikih,69.1,78.5,17
MDR00236,1,SKI,67.1,69.6,18
MDR00236,1,Quran-Hadis,72.4,82.2,17
MDR00236,1,Bahasa Arab,68.6,79.7,16
MDR00236,2,Akidah-Akhlak,73.5,84.0,19
MDR00236,2,Fikih,71.8,78.8,16
MDR00236,2,SKI,67.9,75.1,18
MDR00236,2,Quran-Hadis,70.8,77.9,16
MDR00236,2,Bahasa Arab,72.6,79.8,17
MDR00236,3,Akidah-Akhlak,69.5,70.1,19
MDR00236,3,Fikih,70.6,80.8,19
MDR00236,3,SKI,68.4,78.4,19
MDR00236,3,Quran-Hadis,70.4,69.0,16
MDR00236,3,Bahasa Arab,68.3,77.9,19
MDR00236,4,Akidah-Akhlak,69.9,75.1,16
MDR00236,4,Fikih,68.8,70.2,17
MDR00236,4,SKI,65.7,64.9,18
MDR00236,4,Quran-Hadis,67.0,69.1,20
MDR00236,4,Bahasa Arab,68.1,64.1,19
MDR00236,5,Akidah-Akhlak,68.2,71.4,15
MDR00236,5,Fikih,72.6,79.5,19
MDR00236,5,SKI,70.1,78.3,20
MDR00236,5,Quran-Hadis,66.1,65.6,17
MDR00236,5,Bahasa Arab,70.6,67.2,19
MDR00236,6,Akidah-Akhlak,73.7,79.7,18
MDR00236,6,Fikih,72.2,81.0,15
MDR00236,6,SKI,65.5,61.9,16
MDR00236,6,Quran-Hadis,70.6,76.9,16
MDR00236,6,Bahasa Arab,68.2,69.7,17
MDR00237,7,Akidah-Akhlak,78.6,92.1,126
MDR00237,7,Fikih,71.6,73.0,124
MDR00237,7,SKI,68.1,74.5,137
MDR00237,7,Quran-Hadis,76.2,89.6,142
MDR00237,7,Bahasa Arab,73.1,84.8,142
MDR00237,8,Akidah-Akhlak,78.8,100,113
MDR00237,8,Fikih,73.6,89.7,123
MDR00237,8,SKI,72.1,83.2,142
MDR00237,8,Quran-Hadis,75.6,80.6,143
MDR00237,8,Bahasa Arab,73.6,85.9,115
MDR00237,9,Akidah-Akhlak,70.9,82.0,123
MDR00237,9,Fikih,73.6,88.9,113
MDR00237,9,SKI,70.6,78.3,143
MDR00237,9,Quran-Hadis,75.2,84.1,141
MDR00237,9,Bahasa Arab,71.0,82.3,148
MDR00238,1,Akidah-Akhlak,83.0,100,52
MDR00238,1,Fikih,79.8,93.5,60
MDR00238,1,SKI,79.4,94.1,63
MDR00238,1,Quran-Hadis,85.4,100,67
MDR00238,1,Bahasa Arab,78.5,94.9,61
MDR00238,2,Akidah-Akhlak,77.7,84.5,68
MDR00238,2,Fikih,85.3,100,56
MDR00238,2,SKI,77.6,100,57
MDR00238,2,Quran-Hadis,83.8,100,64
MDR00238,2,Bahasa Arab,84.7,100,57
MDR00238,3,Akidah-Akhlak,80.6,100,68
MDR00238,3,Fikih,80.7,100,68
MDR00238,3,SKI,83.8,100,63
MDR00238,3,Quran-Hadis,83.4,100,61
MDR00238,3,Bahasa Arab,80.3,100,55
MDR00238,4,Akidah-Akhlak,83.1,100,60
MDR00238,4,Fikih,74.6,81.5,65
MDR00238,4,SKI,77.8,94.7,63
MDR00238,4,Quran-Hadis,79.1,99.5,57
MDR00238,4,Bahasa Arab,78.1,89.8,63
MDR00238,5,Akidah-Akhlak,78.1,88.7,64
MDR00238,5,Fikih,79.9,100,52
MDR00238,5,SKI,79.5,100,53
MDR00238,5,Quran-Hadis,84.0,100,58
MDR00238,5,Bahasa Arab,84.0,100,60
MDR00238,6,Akidah-Akhlak,77.0,83.3,60
MDR00238,6,Fikih,82.6,100,60
MDR00238,6,SKI,77.2,93.5,64
MDR00238,6,Quran-Hadis,81.7,100,65
MDR00238,6,Bahasa Arab,76.7,96.7,63
MDR00239,7,Akidah-Akhlak,71.5,82.6,50
MDR00239,7,Fikih,64.3,57.1,55
MDR00239,7,SKI,63.9,58.7,60
MDR00239,7,Quran-Hadis,69.6,75.5,52
MDR00239,7,Bahasa Arab,63.9,65.9,58
MDR00239,8,Akidah-Akhlak,70.1,69.9,50
MDR00239,8,Fikih,68.8,64.3,56
MDR00239,8,SKI,70.0,70.1,54
MDR00239,8,Quran-Hadis,68.7,70.6,58
MDR00239,8,Bahasa Arab,70.6,80.8,47
MDR00239,9,Akidah-Akhlak,65.5,71.1,53
MDR00239,9,Fikih,69.7,71.9,53
MDR00239,9,SKI,66.6,60.2,52
MDR00239,9,Quran-Hadis,66.1,75.1,62
MDR00239,9,Bahasa Arab,70.1,73.2,55
MDR00240,10,Akidah-Akhlak,72.9,89.0,23
MDR00240,10,Fikih,76.4,91.7,19
MDR00240,10,SKI,76.5,93.8,22
MDR00240,10,Quran-Hadis,78.5,83.8,22
MDR00240,10,Bahasa Arab,68.9,64.9,23
MDR00240,11,Akidah-Akhlak,74.6,91.2,24
MDR00240,11,Fikih,71.6,80.6,22
MDR00240,11,SKI,69.9,71.6,20
MDR00240,11,Quran-Hadis,72.6,77.2,20
MDR00240,11,Bahasa Arab,71.1,79.5,23
MDR00240,12,Akidah-Akhlak,74.7,95.9,24
MDR00240,12,Fikih,73.5,81.5,23
MDR00240,12,SKI,71.2,77.9,20
MDR00240,12,Quran-Hadis,75.5,87.9,24
MDR00240,12,Bahasa Arab,75.5,90.1,18
MDR00241,10,Akidah-Akhlak,70.6,74.8,61
MDR00241,10,Fikih,73.2,83.2,62
MDR00241,10,SKI,65.2,62.8,65
MDR00241,10,Quran-Hadis,70.8,77.2,65
MDR00241,10,Bahasa Arab,70.2,72.4,72
MDR00241,11,Akidah-Akhlak,68.2,60.4,73
MDR00241,11,Fikih,64.6,62.5,61
MDR00241,11,SKI,69.5,76.4,76
MDR00241,11,Quran-Hadis,68.2,59.6,76
MDR00241,11,Bahasa Arab,67.5,67.7,71
MDR00241,12,Akidah-Akhlak,72.4,72.5,76
MDR00241,12,Fikih,62.7,61.4,64
MDR00241,12,SKI,65.7,65.8,71
MDR00241,12,Quran-Hadis,67.0,73.5,64
MDR00241,12,Bahasa Arab,70.5,80.1,68
MDR00242,1,Akidah-Akhlak,68.8,71.0,21
MDR00242,1,Fikih,70.0,75.0,21
MDR00242,1,SKI,74.6,85.1,20
MDR00242,1,Quran-Hadis,77.9,95.5,22
MDR00242,1,Bahasa Arab,73.1,86.9,19
MDR00242,2,Akidah-Akhlak,71.6,75.0,19
MDR00242,2,Fikih,73.7,78.1,19
MDR00242,2,SKI,65.3,64.6,21
MDR00242,2,Quran-Hadis,72.4,71.9,20
MDR00242,2,Bahasa Arab,67.5,73.0,24
MDR00242,3,Akidah-Akhlak,69.3,79.0,23
MDR00242,3,Fikih,75.6,97.0,24
MDR00242,3,SKI,71.3,78.4,18
MDR00242,3,Quran-Hadis,79.2,99.8,20
MDR00242,3,Bahasa Arab,65.9,64.2,23
MDR00242,4,Akidah-Akhlak,69.3,72.1,19
MDR00242,4,Fikih,70.3,81.3,24
MDR00242,4,SKI,71.8,69.7,20
MDR00242,4,Quran-Hadis,69.9,74.4,23
MDR00242,4,Bahasa Arab,72.3,78.7,19
MDR00242,5,Akidah-Akhlak,71.3,74.9,23
MDR00242,5,Fikih,67.1,66.8,23
MDR00242,5,SKI,68.2,71.7,20
MDR00242,5,Quran-Hadis,70.8,74.7,24
MDR00242,5,Bahasa Arab,76.1,87.7,20
MDR00242,6,Akidah-Akhlak,73.2,87.9,21
MDR00242,6,Fikih,68.9,67.6,24
MDR00242,6,SKI,73.7,84.7,21
MDR00242,6,Quran-Hadis,66.7,62.4,23
MDR00242,6,Bahasa Arab,70.0,79.4,24
MDR00243,1,Akidah-Akhlak,70.8,83.2,58
MDR00243,1,Fikih,69.3,78.1,56
MDR00243,1,SKI,68.6,73.6,52
MDR00243,1,Quran-Hadis,67.4,72.7,60
MDR00243,1,Bahasa Arab,71.2,81.8,53
MDR00243,2,Akidah-Akhlak,67.3,74.9,51
MDR00243,2,Fikih,72.1,85.5,52
MDR00243,2,SKI,65.4,66.0,57
MDR00243,2,Quran-Hadis,71.5,73.7,59
MDR00243,2,Bahasa Arab,69.7,68.9,64
MDR00243,3,Akidah-Akhlak,66.3,61.9,61
MDR00243,3,Fikih,67.3,75.9,61
MDR00243,3,SKI,64.4,52.7,57
MDR00243,3,Quran-Hadis,62.9,56.2,52
MDR00243,3,Bahasa Arab,64.5,61.9,48
MDR00243,4,Akidah-Akhlak,71.7,81.6,56
MDR00243,4,Fikih,70.7,78.1,52
MDR00243,4,SKI,66.7,69.8,59
MDR00243,4,Quran-Hadis,70.4,79.0,60
MDR00243,4,Bahasa Arab,66.0,64.6,62
MDR00243,5,Akidah-Akhlak,66.0,62.6,61
MDR00243,5,Fikih,69.9,73.1,64
MDR00243,5,SKI,66.2,67.3,63
MDR00243,5,Quran-Hadis,66.4,68.0,52
MDR00243,5,Bahasa Arab,70.5,82.3,52
MDR00243,6,Akidah-Akhlak,70.7,74.2,54
MDR00243,6,Fikih,67.7,71.0,64
MDR00243,6,SKI,67.5,66.6,57
MDR00243,6,Quran-Hadis,71.5,83.1,60
MDR00243,6,Bahasa Arab,65.4,61.3,53
MDR00244,1,Akidah-Akhlak,62.5,58.0,20
MDR00244,1,Fikih,66.8,69.4,20
MDR00244,1,SKI,64.0,54.5,19
MDR00244,1,Quran-Hadis,63.4,54.0,23
MDR00244,1,Bahasa Arab,63.6,61.6,23
MDR00244,2,Akidah-Akhlak,68.4,68.4,20
MDR00244,2,Fikih,68.7,74.8,26
MDR00244,2,SKI,66.9,56.2,21
MDR00244,2,Quran-Hadis,65.9,64.1,26
MDR00244,2,Bahasa Arab,62.9,59.3,21
MDR00244,3,Akidah-Akhlak,67.8,68.3,23
MDR00244,3,Fikih,67.4,64.9,25
MDR00244,3,SKI,65.4,61.0,21
MDR00244,3,Quran-Hadis,73.3,84.6,23
MDR00244,3,Bahasa Arab,62.5,57.9,20
MDR00244,4,Akidah-Akhlak,68.1,75.1,21
MDR00244,4,Fikih,67.8,61.2,22
MDR00244,4,SKI,64.7,65.5,22
MDR00244,4,Quran-Hadis,69.9,66.3,21
MDR00244,4,Bahasa Arab,62.3,54.0,21
MDR00244,5,Akidah-Akhlak,64.9,66.7,21
MDR00244,5,Fikih,63.1,55.0,22
MDR00244,5,SKI,63.3,60.9,26
MDR00244,5,Quran-Hadis,66.9,70.3,20
MDR00244,5,Bahasa Arab,68.1,70.9,21
MDR00244,6,Akidah-Akhlak,72.1,80.8,20
MDR00244,6,Fikih,60.7,45.6,24
MDR00244,6,SKI,69.9,86.9,25
MDR00244,6,Quran-Hadis,68.9,80.7,21
MDR00244,6,Bahasa Arab,63.6,50.9,26
MDR00245,1,Akidah-Akhlak,67.8,69.7,34
MDR00245,1,Fikih,72.9,75.6,32
MDR00245,1,SKI,60.9,51.0,32
MDR00245,1,Quran-Hadis,68.0,68.1,33
MDR00245,1,Bahasa Arab,65.6,59.4,31
MDR00245,2,Akidah-Akhlak,68.2,78.8,30
MDR00245,2,Fikih,66.5,60.1,27
MDR00245,2,SKI,67.4,61.1,30
MDR00245,2,Quran-Hadis,67.0,69.1,34
MDR00245,2,Bahasa Arab,67.3,63.3,31
MDR00245,3,Akidah-Akhlak,66.3,67.8,33
MDR00245,3,Fikih,67.5,71.0,26
MDR00245,3,SKI,61.4,47.0,32
MDR00245,3,Quran-Hadis,70.4,73.5,27
MDR00245,3,Bahasa Arab,66.8,75.5,32
MDR00245,4,Akidah-Akhlak,66.2,61.1,26
MDR00245,4,Fikih,69.6,75.2,30
MDR00245,4,SKI,65.7,70.3,31
MDR00245,4,Quran-Hadis,67.9,68.2,27
MDR00245,4,Bahasa Arab,67.3,70.6,32
MDR00245,5,Akidah-Akhlak,64.7,59.8,29
MDR00245,5,Fikih,65.6,69.3,32
MDR00245,5,SKI,63.3,61.5,29
MDR00245,5,Quran-Hadis,70.0,76.8,29
MDR00245,5,Bahasa Arab,67.0,59.7,32
MDR00245,6,Akidah-Akhlak,67.0,68.3,33
MDR00245,6,Fikih,70.8,79.3,27
MDR00245,6,SKI,62.3,58.2,34
MDR00245,6,Quran-Hadis,61.0,55.2,30
MDR00245,6,Bahasa Arab,66.6,71.3,29
MDR00246,7,Akidah-Akhlak,83.8,100,94
MDR00246,7,Fikih,77.6,89.2,118
MDR00246,7,SKI,78.1,96.7,111
MDR00246,7,Quran-Hadis,80.1,99.4,111
MDR00246,7,Bahasa Arab,86.2,100,102
MDR00246,8,Akidah-Akhlak,78.9,96.8,96
MDR00246,8,Fikih,83.8,100,99
MDR00246,8,SKI,72.1,79.5,114
MDR00246,8,Quran-Hadis,78.0,94.8,120
MDR00246,8,Bahasa Arab,75.4,94.2,120
MDR00246,9,Akidah-Akhlak,82.8,100,121
MDR00246,9,Fikih,81.3,100,96
MDR00246,9,SKI,76.7,94.9,97
MDR00246,9,Quran-Hadis,82.4,99.2,98
MDR00246,9,Bahasa Arab,80.2,100,98
MDR00247,7,Akidah-Akhlak,76.3,92.7,57
MDR00247,7,Fikih,70.9,72.8,56
MDR00247,7,SKI,72.2,78.1,52
MDR00247,7,Quran-Hadis,73.0,84.9,50
MDR00247,7,Bahasa Arab,71.8,83.7,45
MDR00247,8,Akidah-Akhlak,77.8,97.8,55
MDR00247,8,Fikih,74.1,93.1,44
MDR00247,8,SKI,65.1,69.7,57
MDR00247,8,Quran-Hadis,74.3,80.9,53
MDR00247,8,Bahasa Arab,74.4,87.1,53
MDR00247,9,Akidah-Akhlak,67.2,60.3,49
MDR00247,9,Fikih,72.9,84.8,49
MDR00247,9,SKI,67.6,66.8,59
MDR00247,9,Quran-Hadis,75.6,88.1,52
MDR00247,9,Bahasa Arab,73.1,86.7,47
MDR00248,1,Akidah-Akhlak,76.1,96.5,31
MDR00248,1,Fikih,79.0,93.5,33
MDR00248,1,SKI,76.0,87.7,32
MDR00248,1,Quran-Hadis,82.4,100,31
MDR00248,1,Bahasa Arab,77.4,92.5,39
MDR00248,2,Akidah-Akhlak,75.5,85.5,38
MDR00248,2,Fikih,80.1,100,36
MDR00248,2,SKI,74.1,88.1,32
MDR00248,2,Quran-Hadis,74.8,89.2,36
MDR00248,2,Bahasa Arab,81.2,97.7,33
MDR00248,3,Akidah-Akhlak,78.3,91.0,35
MDR00248,3,Fikih,73.7,83.3,36
MDR00248,3,SKI,74.9,88.3,30
MDR00248,3,Quran-Hadis,80.4,100,30
MDR00248,3,Bahasa Arab,81.6,93.3,36
MDR00248,4,Akidah-Akhlak,74.1,82.4,39
MDR00248,4,Fikih,77.9,100,38
MDR00248,4,SKI,77.0,85.3,33
MDR00248,4,Quran-Hadis,83.1,100,30
MDR00248,4,Bahasa Arab,75.2,89.7,31
MDR00248,5,Akidah-Akhlak,81.9,98.3,38
MDR00248,5,Fikih,81.5,97.0,30
MDR00248,5,SKI,81.0,100,33
MDR00248,5,Quran-Hadis,78.5,100,37
MDR00248,5,Bahasa Arab,79.0,98.9,39
MDR00248,6,Akidah-Akhlak,77.4,89.0,29
MDR00248,6,Fikih,78.2,95.3,36
MDR00248,6,SKI,77.6,99.7,36
MDR00248,6,Quran-Hadis,76.1,91.9,32
MDR00248,6,Bahasa Arab,76.3,93.6,38
MDR00249,1,Akidah-Akhlak,71.4,81.7,11
MDR00249,1,Fikih,66.4,61.9,11
MDR00249,1,SKI,58.0,43.2,11
MDR00249,1,Quran-Hadis,67.7,69.5,11
MDR00249,1,Bahasa Arab,68.9,74.6,9
MDR00249,2,Akidah-Akhlak,65.0,55.6,11
MDR00249,2,Fikih,71.7,71.3,11
MDR00249,2,SKI,69.6,75.4,10
MDR00249,2,Quran-Hadis,68.7,67.4,12
MDR00249,2,Bahasa Arab,63.9,69.8,11
MDR00249,3,Akidah-Akhlak,60.9,49.2,11
MDR00249,3,Fikih,62.3,58.7,10
MDR00249,3,SKI,69.0,68.1,12
MDR00249,3,Quran-Hadis,69.6,76.5,10
MDR00249,3,Bahasa Arab,64.9,56.3,10
MDR00249,4,Akidah-Akhlak,66.8,67.7,11
MDR00249,4,Fikih,69.9,72.2,9
MDR00249,4,SKI,60.4,58.2,10
MDR00249,4,Quran-Hadis,65.6,61.5,11
MDR00249,4,Bahasa Arab,64.7,64.3,11
MDR00249,5,Akidah-Akhlak,69.2,75.4,9
MDR00249,5,Fikih,59.7,49.2,9
MDR00249,5,SKI,64.8,65.9,12
MDR00249,5,Quran-Hadis,71.8,78.7,10
MDR00249,5,Bahasa Arab,69.3,71.2,10
MDR00249,6,Akidah-Akhlak,66.4,67.6,10
MDR00249,6,Fikih,67.3,70.4,10
MDR00249,6,SKI,65.1,56.7,11
MDR00249,6,Quran-Hadis,65.3,56.9,10
MDR00249,6,Bahasa Arab,70.9,72.0,9
MDR00250,1,Akidah-Akhlak,64.8,63.1,17
MDR00250,1,Fikih,66.8,58.2,20
MDR00250,1,SKI,54.6,37.5,21
MDR00250,1,Quran-Hadis,65.6,57.8,22
MDR00250,1,Bahasa Arab,61.2,50.8,17
MDR00250,2,Akidah-Akhlak,65.2,65.1,17
MDR00250,2,Fikih,64.8,60.9,17
MDR00250,2,SKI,61.5,53.6,21
MDR00250,2,Quran-Hadis,64.7,64.0,22
MDR00250,2,Bahasa Arab,62.0,55.6,22
MDR00250,3,Akidah-Akhlak,65.4,64.1,21
MDR00250,3,Fikih,64.4,64.8,20
MDR00250,3,SKI,65.1,65.4,18
MDR00250,3,Quran-Hadis,68.8,75.2,18
MDR00250,3,Bahasa Arab,60.4,61.4,22
MDR00250,4,Akidah-Akhlak,63.7,65.8,19
MDR00250,4,Fikih,63.1,62.4,18
MDR00250,4,SKI,66.9,74.7,22
MDR00250,4,Quran-Hadis,58.1,51.9,19
MDR00250,4,Bahasa Arab,62.1,56.6,21
MDR00250,5,Akidah-Akhlak,63.7,63.8,22
MDR00250,5,Fikih,63.4,54.6,21
MDR00250,5,SKI,63.6,57.5,17
MDR00250,5,Quran-Hadis,66.8,67.9,20
MDR00250,5,Bahasa Arab,65.5,58.3,20
MDR00250,6,Akidah-Akhlak,68.5,67.1,17
MDR00250,6,Fikih,58.4,46.4,20
MDR00250,6,SKI,59.0,44.6,19
MDR00250,6,Quran-Hadis,63.8,62.1,21
MDR00250,6,Bahasa Arab,66.0,59.2,20
MDR00251,7,Akidah-Akhlak,75.2,94.2,32
MDR00251,7,Fikih,61.5,57.9,30
MDR00251,7,SKI,59.7,38.8,32
MDR00251,7,Quran-Hadis,73.7,83.0,30
MDR00251,7,Bahasa Arab,70.4,68.7,31
MDR00251,8,Akidah-Akhlak,70.9,79.0,27
MDR00251,8,Fikih,70.0,79.0,29
MDR00251,8,SKI,67.4,64.3,32
MDR00251,8,Quran-Hadis,68.1,68.9,31
MDR00251,8,Bahasa Arab,64.7,65.6,29
MDR00251,9,Akidah-Akhlak,69.3,75.1,28
MDR00251,9,Fikih,69.2,76.7,29
MDR00251,9,SKI,63.5,52.6,31
MDR00251,9,Quran-Hadis,65.9,64.4,29
MDR00251,9,Bahasa Arab,66.8,65.8,26
MDR00252,10,Akidah-Akhlak,61.0,52.7,47
MDR00252,10,Fikih,58.1,48.5,49
MDR00252,10,SKI,58.1,47.9,42
MDR00252,10,Quran-Hadis,65.8,62.2,40
MDR00252,10,Bahasa Arab,62.1,59.5,49
MDR00252,11,Akidah-Akhlak,59.5,50.3,40
MDR00252,11,Fikih,62.2,54.9,48
MDR00252,11,SKI,62.7,58.4,47
MDR00252,11,Quran-Hadis,60.2,52.9,42
MDR00252,11,Bahasa Arab,57.6,47.2,42
MDR00252,12,Akidah-Akhlak,59.4,45.9,50
MDR00252,12,Fikih,65.3,58.5,46
MDR00252,12,SKI,58.3,47.9,51
MDR00252,12,Quran-Hadis,65.2,75.6,45
MDR00252,12,Bahasa Arab,63.6,63.2,40
MDR00253,1,Akidah-Akhlak,74.3,81.4,24
MDR00253,1,Fikih,63.4,55.0,23
MDR00253,1,SKI,70.9,75.5,26
MDR00253,1,Quran-Hadis,69.4,69.6,20
MDR00253,1,Bahasa Arab,69.0,67.9,25
MDR00253,2,Akidah-Akhlak,73.5,84.5,25
MDR00253,2,Fikih,76.7,96.7,23
MDR00253,2,SKI,67.4,59.1,21
MDR00253,2,Quran-Hadis,68.8,70.0,23
MDR00253,2,Bahasa Arab,67.9,80.0,22
MDR00253,3,Akidah-Akhlak,75.7,96.8,26
MDR00253,3,Fikih,69.8,78.7,23
MDR00253,3,SKI,66.6,65.7,24
MDR00253,3,Quran-Hadis,65.4,61.9,26
MDR00253,3,Bahasa Arab,62.5,59.7,21
MDR00253,4,Akidah-Akhlak,74.9,76.5,26
MDR00253,4,Fikih,72.6,72.4,24
MDR00253,4,SKI,65.6,68.7,22
MDR00253,4,Quran-Hadis,69.6,75.3,24
MDR00253,4,Bahasa Arab,73.0,81.9,24
MDR00253,5,Akidah-Akhlak,66.5,67.8,26
MDR00253,5,Fikih,69.9,79.4,24
MDR00253,5,SKI,65.7,57.1,21
MDR00253,5,Quran-Hadis,74.5,81.6,27
MDR00253,5,Bahasa Arab,67.3,58.8,25
MDR00253,6,Akidah-Akhlak,75.1,91.1,21
MDR00253,6,Fikih,66.8,71.1,25
MDR00253,6,SKI,69.1,72.8,22
MDR00253,6,Quran-Hadis,71.0,81.8,25
MDR00253,6,Bahasa Arab,73.6,85.0,22
MDR00254,1,Akidah-Akhlak,67.6,72.5,48
MDR00254,1,Fikih,72.3,79.8,55
MDR00254,1,SKI,68.6,71.7,58
MDR00254,1,Quran-Hadis,73.6,80.8,51
MDR00254,1,Bahasa Arab,66.3,66.5,52
MDR00254,2,Akidah-Akhlak,68.4,72.4,50
MDR00254,2,Fikih,71.8,73.6,47
MDR00254,2,SKI,67.8,73.9,45
MDR00254,2,Quran-Hadis,72.3,72.5,49
MDR00254,2,Bahasa Arab,71.4,83.3,56
MDR00254,3,Akidah-Akhlak,69.3,74.6,51
MDR00254,3,Fikih,68.9,77.3,49
MDR00254,3,SKI,65.5,64.0,45
MDR00254,3,Quran-Hadis,74.3,78.9,46
MDR00254,3,Bahasa Arab,72.0,70.0,44
MDR00254,4,Akidah-Akhlak,75.0,99.0,51
MDR00254,4,Fikih,72.0,73.5,56
MDR00254,4,SKI,73.2,87.2,54
MDR00254,4,Quran-Hadis,73.2,82.7,54
MDR00254,4,Bahasa Arab,73.6,81.4,57
MDR00254,5,Akidah-Akhlak,73.5,92.7,47
MDR00254,5,Fikih,72.6,84.3,47
MDR00254,5,SKI,69.4,72.4,45
MDR00254,5,Quran-Hadis,68.9,81.0,47
MDR00254,5,Bahasa Arab,71.3,79.5,45
MDR00254,6,Akidah-Akhlak,76.1,89.5,50
MDR00254,6,Fikih,66.0,64.1,46
MDR00254,6,SKI,66.5,70.4,44
MDR00254,6,Quran-Hadis,75.7,84.5,45
MDR00254,6,Bahasa Arab,72.5,81.0,56
MDR00255,1,Akidah-Akhlak,82.0,100,31
MDR00255,1,Fikih,83.0,100,27
MDR00255,1,SKI,79.0,100,28
MDR00255,1,Quran-Hadis,81.8,99.4,31
MDR00255,1,Bahasa Arab,81.4,100,29
MDR00255,2,Akidah-Akhlak,84.5,100,28
MDR00255,2,Fikih,82.9,100,28
MDR00255,2,SKI,75.2,89.4,31
MDR00255,2,Quran-Hadis,84.7,100,29
MDR00255,2,Bahasa Arab,78.8,99.8,26
MDR00255,3,Akidah-Akhlak,88.1,100,25
MDR00255,3,Fikih,83.4,98.1,25
MDR00255,3,SKI,80.9,100,29
MDR00255,3,Quran-Hadis,85.4,100,24
MDR00255,3,Bahasa Arab,82.3,100,29
MDR00255,4,Akidah-Akhlak,78.8,91.6,29
MDR00255,4,Fikih,85.0,100,30
MDR00255,4,SKI,82.4,100,26
MDR00255,4,Quran-Hadis,78.3,88.5,24
MDR00255,4,Bahasa Arab,77.6,100,27
MDR00255,5,Akidah-Akhlak,84.4,100,31
MDR00255,5,Fikih,80.2,90.0,26
MDR00255,5,SKI,83.4,100,26
MDR00255,5,Quran-Hadis,81.8,97.6,30
MDR00255,5,Bahasa Arab,80.8,100,24
MDR00255,6,Akidah-Akhlak,92.1,100,24
MDR00255,6,Fikih,79.8,100,31
MDR00255,6,SKI,80.9,100,24
MDR00255,6,Quran-Hadis,86.5,100,26
MDR00255,6,Bahasa Arab,81.8,100,26
MDR00256,1,Akidah-Akhlak,71.1,79.9,29
MDR00256,1,Fikih,72.7,86.8,29
MDR00256,1,SKI,66.1,61.4,29
MDR00256,1,Quran-Hadis,70.7,76.3,25
MDR00256,1,Bahasa Arab,70.3,82.3,25
MDR00256,2,Akidah-Akhlak,70.8,69.4,30
MDR00256,2,Fikih,67.0,72.1,28
MDR00256,2,SKI,67.8,72.1,26
MDR00256,2,Quran-Hadis,70.5,85.6,22
MDR00256,2,Bahasa Arab,67.9,72.8,22
MDR00256,3,Akidah-Akhlak,67.0,64.8,28
MDR00256,3,Fikih,71.5,77.1,25
MDR00256,3,SKI,70.9,75.3,27
MDR00256,3,Quran-Hadis,69.4,67.4,24
MDR00256,3,Bahasa Arab,66.7,65.7,26
MDR00256,4,Akidah-Akhlak,75.9,94.1,24
MDR00256,4,Fikih,70.1,75.1,28
MDR00256,4,SKI,69.8,64.7,28
MDR00256,4,Quran-Hadis,69.4,73.5,24
MDR00256,4,Bahasa Arab,71.0,77.6,24
MDR00256,5,Akidah-Akhlak,61.6,51.8,23
MDR00256,5,Fikih,72.9,84.7,24
MDR00256,5,SKI,69.6,77.8,28
MDR00256,5,Quran-Hadis,70.5,78.6,24
MDR00256,5,Bahasa Arab,67.7,71.7,23
MDR00256,6,Akidah-Akhlak,71.2,77.5,24
MDR00256,6,Fikih,67.9,74.3,27
MDR00256,6,SKI,65.7,60.8,24
MDR00256,6,Quran-Hadis,68.0,73.6,28
MDR00256,6,Bahasa Arab,67.1,72.7,26
MDR00257,1,Akidah-Akhlak,70.9,79.9,19
MDR00257,1,Fikih,77.0,96.8,16
MDR00257,1,SKI,79.9,98.8,18
MDR00257,1,Quran-Hadis,79.1,96.0,18
MDR00257,1,Bahasa Arab,74.1,89.9,17
MDR00257,2,Akidah-Akhlak,75.0,72.6,17
MDR00257,2,Fikih,80.8,93.2,14
MDR00257,2,SKI,71.0,77.7,14
MDR00257,2,Quran-Hadis,76.4,92.4,17
MDR00257,2,Bahasa Arab,74.5,92.4,18
MDR00257,3,Akidah-Akhlak,74.9,94.2,18
MDR00257,3,Fikih,77.9,94.1,17
MDR00257,3,SKI,70.0,71.8,16
MDR00257,3,Quran-Hadis,78.8,94.7,15
MDR00257,3,Bahasa Arab,72.5,93.3,16
MDR00257,4,Akidah-Akhlak,80.4,100,19
MDR00257,4,Fikih,75.0,86.0,17
MDR00257,4,SKI,73.2,80.2,19
MDR00257,4,Quran-Hadis,72.2,81.6,18
MDR00257,4,Bahasa Arab,75.9,92.1,17
MDR00257,5,Akidah-Akhlak,79.1,97.2,16
MDR00257,5,Fikih,78.7,100,18
MDR00257,5,SKI,73.0,88.5,18
MDR00257,5,Quran-Hadis,81.0,100,18
MDR00257,5,Bahasa Arab,74.3,83.3,15
MDR00257,6,Akidah-Akhlak,80.8,100,19
MDR00257,6,Fikih,77.2,96.3,16
MDR00257,6,SKI,70.5,83.3,16
MDR00257,6,Quran-Hadis,79.5,100,17
MDR00257,6,Bahasa Arab,74.6,81.8,15
MDR00258,10,Akidah-Akhlak,67.5,68.3,71
MDR00258,10,Fikih,68.3,65.8,59
MDR00258,10,SKI,56.1,40.1,61
MDR00258,10,Quran-Hadis,65.0,64.4,73
MDR00258,10,Bahasa Arab,59.1,46.2,70
MDR00258,11,Akidah-Akhlak,64.2,55.6,57
MDR00258,11,Fikih,65.2,56.8,64
MDR00258,11,SKI,59.8,51.7,63
MDR00258,11,Quran-Hadis,65.8,55.6,73
MDR00258,11,Bahasa Arab,62.6,55.8,55
MDR00258,12,Akidah-Akhlak,65.1,68.9,60
MDR00258,12,Fikih,57.1,40.6,64
MDR00258,12,SKI,64.6,68.5,56
MDR00258,12,Quran-Hadis,59.9,57.1,71
MDR00258,12,Bahasa Arab,63.7,51.6,61
MDR00259,10,Akidah-Akhlak,83.4,100,92
MDR00259,10,Fikih,78.5,94.3,97
MDR00259,10,SKI,74.2,84.0,103
MDR00259,10,Quran-Hadis,73.3,82.4,104
MDR00259,10,Bahasa Arab,74.9,84.2,98
MDR00259,11,Akidah-Akhlak,77.7,100,108
MDR00259,11,Fikih,81.5,98.8,94
MDR00259,11,SKI,79.9,100,100
MDR00259,11,Quran-Hadis,77.9,100,88
MDR00259,11,Bahasa Arab,78.8,90.8,106
MDR00259,12,Akidah-Akhlak,73.8,86.9,95
MDR00259,12,Fikih,76.6,87.8,96
MDR00259,12,SKI,81.2,100,90
MDR00259,12,Quran-Hadis,75.9,88.1,94
MDR00259,12,Bahasa Arab,79.1,97.8,102
MDR00260,1,Akidah-Akhlak,74.0,80.9,13
MDR00260,1,Fikih,69.5,74.2,16
MDR00260,1,SKI,64.3,62.7,14
MDR00260,1,Quran-Hadis,66.1,67.9,13
MDR00260,1,Bahasa Arab,70.4,69.9,14
MDR00260,2,Akidah-Akhlak,72.8,79.4,13
MDR00260,2,Fikih,67.6,76.2,17
MDR00260,2,SKI,71.3,68.9,15
MDR00260,2,Quran-Hadis,64.3,54.8,15
MDR00260,2,Bahasa Arab,61.0,56.2,17
MDR00260,3,Akidah-Akhlak,74.9,87.5,17
MDR00260,3,Fikih,71.3,81.7,17
MDR00260,3,SKI,61.9,51.5,13
MDR00260,3,Quran-Hadis,67.9,72.2,15
MDR00260,3,Bahasa Arab,67.4,61.9,13
MDR00260,4,Akidah-Akhlak,66.7,62.9,15
MDR00260,4,Fikih,68.1,63.5,15
MDR00260,4,SKI,66.8,73.3,15
MDR00260,4,Quran-Hadis,65.9,60.5,16
MDR00260,4,Bahasa Arab,67.8,69.7,16
MDR00260,5,Akidah-Akhlak,66.2,63.6,14
MDR00260,5,Fikih,63.7,54.7,14
MDR00260,5,SKI,69.5,75.3,16
MDR00260,5,Quran-Hadis,69.6,76.8,13
MDR00260,5,Bahasa Arab,61.5,48.1,14
MDR00260,6,Akidah-Akhlak,66.3,73.2,16
MDR00260,6,Fikih,64.6,66.3,13
MDR00260,6,SKI,68.1,70.8,17
MDR00260,6,Quran-Hadis,67.7,57.5,17
MDR00260,6,Bahasa Arab,64.5,69.7,13
MDR00261,1,Akidah-Akhlak,72.3,79.5,34
MDR00261,1,Fikih,75.2,92.1,30
MDR00261,1,SKI,74.7,88.8,32
MDR00261,1,Quran-Hadis,74.3,84.7,31
MDR00261,1,Bahasa Arab,75.7,92.0,31
MDR00261,2,Akidah-Akhlak,77.4,95.5,37
MDR00261,2,Fikih,74.8,89.2,35
MDR00261,2,SKI,73.4,81.3,36
MDR00261,2,Quran-Hadis,74.6,83.4,36
MDR00261,2,Bahasa Arab,77.5,84.3,37
MDR00261,3,Akidah-Akhlak,76.4,94.2,34
MDR00261,3,Fikih,74.6,83.8,36
MDR00261,3,SKI,72.2,77.9,34
MDR00261,3,Quran-Hadis,77.5,94.2,38
MDR00261,3,Bahasa Arab,75.2,96.0,36
MDR00261,4,Akidah-Akhlak,76.5,90.6,33
MDR00261,4,Fikih,77.1,91.7,31
MDR00261,4,SKI,73.2,85.9,29
MDR00261,4,Quran-Hadis,73.9,83.8,31
MDR00261,4,Bahasa Arab,73.3,74.9,29
MDR00261,5,Akidah-Akhlak,78.1,100,36
MDR00261,5,Fikih,77.9,93.9,33
MDR00261,5,SKI,72.4,81.3,38
MDR00261,5,Quran-Hadis,73.9,77.9,30
MDR00261,5,Bahasa Arab,74.6,93.6,29
MDR00261,6,Akidah-Akhlak,75.6,92.5,34
MDR00261,6,Fikih,79.1,99.1,36
MDR00261,6,SKI,73.1,88.8,30
MDR00261,6,Quran-Hadis,72.5,78.7,39
MDR00261,6,Bahasa Arab,73.1,80.3,31
MDR00262,1,Akidah-Akhlak,75.2,94.1,36
MDR00262,1,Fikih,82.4,100,44
MDR00262,1,SKI,77.3,92.1,40
MDR00262,1,Quran-Hadis,81.2,100,43
MDR00262,1,Bahasa Arab,78.3,95.4,37
MDR00262,2,Akidah-Akhlak,79.1,99.3,46
MDR00262,2,Fikih,80.7,97.0,38
MDR00262,2,SKI,79.1,90.8,45
MDR00262,2,Quran-Hadis,78.9,94.4,45
MDR00262,2,Bahasa Arab,80.2,94.9,36
MDR00262,3,Akidah-Akhlak,80.1,95.9,36
MDR00262,3,Fikih,71.6,75.2,40
MDR00262,3,SKI,71.0,81.2,35
MDR00262,3,Quran-Hadis,83.3,100,42
MDR00262,3,Bahasa Arab,75.5,88.5,36
MDR00262,4,Akidah-Akhlak,81.6,100,38
MDR00262,4,Fikih,77.8,100,44
MDR00262,4,SKI,77.0,93.4,39
MDR00262,4,Quran-Hadis,77.8,93.7,39
MDR00262,4,Bahasa Arab,70.5,78.0,41
MDR00262,5,Akidah-Akhlak,78.1,98.5,39
MDR00262,5,Fikih,77.0,96.3,42
MDR00262,5,SKI,75.8,89.7,36
MDR00262,5,Quran-Hadis,76.0,91.9,43
MDR00262,5,Bahasa Arab,72.4,91.8,37
MDR00262,6,Akidah-Akhlak,75.0,88.4,39
MDR00262,6,Fikih,76.9,89.4,43
MDR00262,6,SKI,82.6,100,38
MDR00262,6,Quran-Hadis,79.5,99.1,38
MDR00262,6,Bahasa Arab,78.3,85.6,38
MDR00263,1,Akidah-Akhlak,68.8,67.3,20
MDR00263,1,Fikih,66.6,69.1,19
MDR00263,1,SKI,68.8,74.9,22
MDR00263,1,Quran-Hadis,72.8,88.2,23
MDR00263,1,Bahasa Arab,64.6,58.4,21
MDR00263,2,Akidah-Akhlak,67.8,70.4,23
MDR00263,2,Fikih,67.5,74.9,21
MDR00263,2,SKI,63.2,55.4,21
MDR00263,2,Quran-Hadis,66.9,68.2,21
MDR00263,2,Bahasa Arab,66.2,54.9,22
MDR00263,3,Akidah-Akhlak,68.8,67.4,19
MDR00263,3,Fikih,65.3,63.8,22
MDR00263,3,SKI,67.1,72.7,22
MDR00263,3,Quran-Hadis,67.7,70.7,23
MDR00263,3,Bahasa Arab,68.6,74.7,23
MDR00263,4,Akidah-Akhlak,66.7,66.1,19
MDR00263,4,Fikih,72.0,85.4,18
MDR00263,4,SKI,57.6,46.6,20
MDR00263,4,Quran-Hadis,70.5,72.9,18
MDR00263,4,Bahasa Arab,69.6,64.4,20
MDR00263,5,Akidah-Akhlak,66.5,66.1,22
MDR00263,5,Fikih,68.1,69.3,18
MDR00263,5,SKI,66.5,60.9,23
MDR00263,5,Quran-Hadis,65.8,65.7,18
MDR00263,5,Bahasa Arab,68.4,68.5,19
MDR00263,6,Akidah-Akhlak,67.6,74.3,19
MDR00263,6,Fikih,64.6,57.8,21
MDR00263,6,SKI,67.3,71.9,21
MDR00263,6,Quran-Hadis,66.5,73.3,20
MDR00263,6,Bahasa Arab,68.1,71.6,20
MDR00264,7,Akidah-Akhlak,77.3,99.6,106
MDR00264,7,Fikih,79.2,100,110
MDR00264,7,SKI,70.2,75.0,125
MDR00264,7,Quran-Hadis,75.2,91.9,117
MDR00264,7,Bahasa Arab,71.8,77.6,132
MDR00264,8,Akidah-Akhlak,78.1,89.1,104
MDR00264,8,Fikih,77.8,98.7,140
MDR00264,8,SKI,70.5,76.2,132
MDR00264,8,Quran-Hadis,79.0,100,105
MDR00264,8,Bahasa Arab,77.6,100,119
MDR00264,9,Akidah-Akhlak,80.9,97.9,106
MDR00264,9,Fikih,76.1,90.2,138
MDR00264,9,SKI,71.6,79.8,137
MDR00264,9,Quran-Hadis,72.9,80.8,112
MDR00264,9,Bahasa Arab,75.5,87.8,134
MDR00265,1,Akidah-Akhlak,70.0,85.7,12
MDR00265,1,Fikih,62.9,55.9,14
MDR00265,1,SKI,67.2,73.7,13
MDR00265,1,Quran-Hadis,66.3,65.9,11
MDR00265,1,Bahasa Arab,72.1,81.7,11
MDR00265,2,Akidah-Akhlak,66.5,64.4,14
MDR00265,2,Fikih,64.9,70.2,11
MDR00265,2,SKI,66.7,57.0,12
MDR00265,2,Quran-Hadis,66.7,60.9,12
MDR00265,2,Bahasa Arab,68.3,63.7,15
MDR00265,3,Akidah-Akhlak,61.3,47.9,12
MDR00265,3,Fikih,66.5,70.6,11
MDR00265,3,SKI,62.5,50.5,11
MDR00265,3,Quran-Hadis,65.3,68.3,14
MDR00265,3,Bahasa Arab,64.4,66.4,12
MDR00265,4,Akidah-Akhlak,66.7,63.7,11
MDR00265,4,Fikih,68.6,68.2,11
MDR00265,4,SKI,69.3,81.0,11
MDR00265,4,Quran-Hadis,65.7,59.9,12
MDR00265,4,Bahasa Arab,68.6,71.1,12
MDR00265,5,Akidah-Akhlak,62.6,60.8,11
MDR00265,5,Fikih,65.2,65.0,12
MDR00265,5,SKI,58.4,42.2,14
MDR00265,5,Quran-Hadis,70.2,77.0,12
MDR00265,5,Bahasa Arab,63.2,63.8,13
MDR00265,6,Akidah-Akhlak,68.3,74.3,14
MDR00265,6,Fikih,69.3,80.5,13
MDR00265,6,SKI,66.0,66.6,11
MDR00265,6,Quran-Hadis,65.4,60.3,13
MDR00265,6,Bahasa Arab,67.6,68.3,13
MDR00266,1,Akidah-Akhlak,83.1,100,31
MDR00266,1,Fikih,77.9,100,34
MDR00266,1,SKI,70.0,86.4,36
MDR00266,1,Quran-Hadis,80.5,87.2,34
MDR00266,1,Bahasa Arab,80.7,100,38
MDR00266,2,Akidah-Akhlak,75.9,96.6,37
MDR00266,2,Fikih,79.3,100,31
MDR00266,2,SKI,79.9,96.4,40
MDR00266,2,Quran-Hadis,81.6,100,30
MDR00266,2,Bahasa Arab,80.2,100,35
MDR00266,3,Akidah-Akhlak,79.1,98.1,36
MDR00266,3,Fikih,71.8,75.8,33
MDR00266,3,SKI,77.1,90.8,35
MDR00266,3,Quran-Hadis,73.1,88.6,37
MDR00266,3,Bahasa Arab,76.7,86.7,33
MDR00266,4,Akidah-Akhlak,81.6,94.8,41
MDR00266,4,Fikih,80.0,94.4,38
MDR00266,4,SKI,76.3,91.2,34
MDR00266,4,Quran-Hadis,81.5,96.0,34
MDR00266,4,Bahasa Arab,70.3,79.5,39
MDR00266,5,Akidah-Akhlak,82.9,100,39
MDR00266,5,Fikih,76.7,84.9,30
MDR00266,5,SKI,75.0,88.8,39
MDR00266,5,Quran-Hadis,73.5,88.0,36
MDR00266,5,Bahasa Arab,78.3,93.6,40
MDR00266,6,Akidah-Akhlak,83.0,100,38
MDR00266,6,Fikih,81.8,100,35
MDR00266,6,SKI,74.5,91.6,36
MDR00266,6,Quran-Hadis,76.7,89.7,38
MDR00266,6,Bahasa Arab,81.1,93.5,33
MDR00267,1,Akidah-Akhlak,61.1,59.8,33
MDR00267,1,Fikih,58.6,34.0,35
MDR00267,1,SKI,59.2,51.8,34
MDR00267,1,Quran-Hadis,67.7,63.2,32
MDR00267,1,Bahasa Arab,58.6,41.4,34
MDR00267,2,Akidah-Akhlak,61.8,60.7,32
MDR00267,2,Fikih,65.3,64.0,36
MDR00267,2,SKI,57.2,49.0,31
MDR00267,2,Quran-Hadis,61.0,48.9,32
MDR00267,2,Bahasa Arab,58.8,49.5,37
MDR00267,3,Akidah-Akhlak,64.2,60.0,35
MDR00267,3,Fikih,68.1,70.0,35
MDR00267,3,SKI,57.0,41.8,40
MDR00267,3,Quran-Hadis,65.1,51.8,40
MDR00267,3,Bahasa Arab,58.3,44.5,36
MDR00267,4,Akidah-Akhlak,69.1,79.6,31
MDR00267,4,Fikih,60.0,56.2,36
MDR00267,4,SKI,56.6,40.7,38
MDR00267,4,Quran-Hadis,65.8,63.1,40
MDR00267,4,Bahasa Arab,65.9,63.2,39
MDR00267,5,Akidah-Akhlak,68.5,73.0,32
MDR00267,5,Fikih,60.9,50.2,34
MDR00267,5,SKI,56.0,33.8,35
MDR00267,5,Quran-Hadis,63.5,64.3,34
MDR00267,5,Bahasa Arab,58.5,45.7,31
MDR00267,6,Akidah-Akhlak,65.2,67.7,33
MDR00267,6,Fikih,60.7,48.9,32
MDR00267,6,SKI,56.4,48.3,34
MDR00267,6,Quran-Hadis,68.7,73.5,36
MDR00267,6,Bahasa Arab,66.0,68.7,31
MDR00268,7,Akidah-Akhlak,59.8,51.8,83
MDR00268,7,Fikih,61.5,59.5,77
MDR00268,7,SKI,60.6,46.6,96
MDR00268,7,Quran-Hadis,64.1,70.3,85
MDR00268,7,Bahasa Arab,54.6,37.9,101
MDR00268,8,Akidah-Akhlak,63.5,67.7,102
MDR00268,8,Fikih,61.8,56.1,80
MDR00268,8,SKI,60.1,51.3,78
MDR00268,8,Quran-Hadis,61.8,45.9,98
MDR00268,8,Bahasa Arab,60.5,56.0,101
MDR00268,9,Akidah-Akhlak,66.5,62.2,83
MDR00268,9,Fikih,61.7,52.5,91
MDR00268,9,SKI,63.1,58.2,103
MDR00268,9,Quran-Hadis,58.0,37.9,99
MDR00268,9,Bahasa Arab,58.5,47.9,79
MDR00269,1,Akidah-Akhlak,69.0,74.6,36
MDR00269,1,Fikih,70.8,83.2,38
MDR00269,1,SKI,61.4,47.8,31
MDR00269,1,Quran-Hadis,72.7,89.6,39
MDR00269,1,Bahasa Arab,66.0,62.9,40
MDR00269,2,Akidah-Akhlak,68.3,75.8,39
MDR00269,2,Fikih,68.2,70.9,40
MDR00269,2,SKI,68.7,79.3,40
MDR00269,2,Quran-Hadis,72.6,85.4,32
MDR00269,2,Bahasa Arab,69.1,69.3,35
MDR00269,3,Akidah-Akhlak,70.9,77.7,36
MDR00269,3,Fikih,68.7,71.8,36
MDR00269,3,SKI,67.3,71.3,38
MDR00269,3,Quran-Hadis,70.9,84.4,34
MDR00269,3,Bahasa Arab,69.3,65.8,31
MDR00269,4,Akidah-Akhlak,65.5,69.0,38
MDR00269,4,Fikih,69.5,69.5,33
MDR00269,4,SKI,65.3,65.3,39
MDR00269,4,Quran-Hadis,64.2,68.4,34
MDR00269,4,Bahasa Arab,69.0,72.6,38
MDR00269,5,Akidah-Akhlak,69.7,78.1,36
MDR00269,5,Fikih,76.3,96.5,30
MDR00269,5,SKI,62.1,61.9,33
MDR00269,5,Quran-Hadis,66.8,65.0,32
MDR00269,5,Bahasa Arab,68.6,68.2,40
MDR00269,6,Akidah-Akhlak,71.7,75.4,30
MDR00269,6,Fikih,64.9,52.0,33
MDR00269,6,SKI,67.9,68.5,36
MDR00269,6,Quran-Hadis,67.2,75.3,36
MDR00269,6,Bahasa Arab,68.3,82.6,32
MDR00270,7,Akidah-Akhlak,52.8,30.8,23
MDR00270,7,Fikih,57.7,48.5,29
MDR00270,7,SKI,60.3,49.3,22
MDR00270,7,Quran-Hadis,50.3,20.9,23
MDR00270,7,Bahasa Arab,57.6,43.8,28
MDR00270,8,Akidah-Akhlak,58.4,36.1,27
MDR00270,8,Fikih,51.7,28.9,25
MDR00270,8,SKI,51.9,29.4,25
MDR00270,8,Quran-Hadis,60.2,54.6,27
MDR00270,8,Bahasa Arab,54.6,38.2,24
MDR00270,9,Akidah-Akhlak,56.6,31.5,24
MDR00270,9,Fikih,53.9,26.5,28
MDR00270,9,SKI,50.1,24.0,26
MDR00270,9,Quran-Hadis,56.1,44.0,29
MDR00270,9,Bahasa Arab,57.2,48.8,25
MDR00271,7,Akidah-Akhlak,74.1,90.1,135
MDR00271,7,Fikih,73.1,76.4,139
MDR00271,7,SKI,67.8,61.9,140
MDR00271,7,Quran-Hadis,70.7,76.1,120
MDR00271,7,Bahasa Arab,76.8,88.5,118
MDR00271,8,Akidah-Akhlak,73.3,79.4,112
MDR00271,8,Fikih,67.7,73.0,121
MDR00271,8,SKI,75.4,89.1,135
MDR00271,8,Quran-Hadis,77.3,89.9,140
MDR00271,8,Bahasa Arab,71.3,75.4,135
MDR00271,9,Akidah-Akhlak,75.2,92.3,117
MDR00271,9,Fikih,70.1,76.2,134
MDR00271,9,SKI,64.7,63.0,113
MDR00271,9,Quran-Hadis,72.9,82.5,120
MDR00271,9,Bahasa Arab,70.6,78.8,137
MDR00272,7,Akidah-Akhlak,72.1,86.6,122
MDR00272,7,Fikih,68.9,67.4,130
MDR00272,7,SKI,65.2,69.8,128
MDR00272,7,Quran-Hadis,71.2,73.4,120
MDR00272,7,Bahasa Arab,64.9,54.7,143
MDR00272,8,Akidah-Akhlak,71.1,84.1,116
MDR00272,8,Fikih,67.4,59.9,130
MDR00272,8,SKI,72.2,71.1,127
MDR00272,8,Quran-Hadis,72.2,77.5,137
MDR00272,8,Bahasa Arab,71.8,87.2,131
MDR00272,9,Akidah-Akhlak,72.5,81.2,124
MDR00272,9,Fikih,70.3,76.3,148
MDR00272,9,SKI,70.0,80.0,139
MDR00272,9,Quran-Hadis,77.5,85.1,139
MDR00272,9,Bahasa Arab,71.4,82.9,147
MDR00273,1,Akidah-Akhlak,74.6,83.6,40
MDR00273,1,Fikih,73.8,98.6,37
MDR00273,1,SKI,75.3,94.8,40
MDR00273,1,Quran-Hadis,68.1,71.7,34
MDR00273,1,Bahasa Arab,73.3,89.6,38
MDR00273,2,Akidah-Akhlak,68.3,66.7,41
MDR00273,2,Fikih,68.0,71.1,38
MDR00273,2,SKI,71.5,79.3,40
MDR00273,2,Quran-Hadis,73.5,87.4,31
MDR00273,2,Bahasa Arab,67.3,67.3,41
MDR00273,3,Akidah-Akhlak,73.9,90.8,38
MDR00273,3,Fikih,63.9,58.3,32
MDR00273,3,SKI,70.7,76.9,41
MDR00273,3,Quran-Hadis,73.0,77.0,36
MDR00273,3,Bahasa Arab,76.1,95.0,37
MDR00273,4,Akidah-Akhlak,75.0,87.5,39
MDR00273,4,Fikih,67.0,61.8,36
MDR00273,4,SKI,71.9,79.3,32
MDR00273,4,Quran-Hadis,74.1,94.6,40
MDR00273,4,Bahasa Arab,72.7,90.2,37
MDR00273,5,Akidah-Akhlak,70.5,75.0,34
MDR00273,5,Fikih,74.5,89.0,36
MDR00273,5,SKI,65.9,57.6,41
MDR00273,5,Quran-Hadis,75.2,86.6,36
MDR00273,5,Bahasa Arab,72.9,89.6,35
MDR00273,6,Akidah-Akhlak,76.9,88.5,40
MDR00273,6,Fikih,69.1,75.6,36
MDR00273,6,SKI,68.8,73.6,32
MDR00273,6,Quran-Hadis,70.9,77.9,34
MDR00273,6,Bahasa Arab,71.5,85.3,38
MDR00274,1,Akidah-Akhlak,63.6,45.9,36
MDR00274,1,Fikih,62.2,70.2,34
MDR00274,1,SKI,57.9,42.2,35
MDR00274,1,Quran-Hadis,57.0,40.7,32
MDR00274,1,Bahasa Arab,57.5,52.0,38
MDR00274,2,Akidah-Akhlak,60.4,46.4,30
MDR00274,2,Fikih,60.1,57.5,40
MDR00274,2,SKI,59.2,44.3,34
MDR00274,2,Quran-Hadis,60.4,51.6,36
MDR00274,2,Bahasa Arab,66.6,71.1,40
MDR00274,3,Akidah-Akhlak,65.4,53.2,39
MDR00274,3,Fikih,61.6,58.6,36
MDR00274,3,SKI,59.5,47.7,31
MDR00274,3,Quran-Hadis,59.5,44.1,37
MDR00274,3,Bahasa Arab,56.8,36.8,34
MDR00274,4,Akidah-Akhlak,60.4,50.2,37
MDR00274,4,Fikih,64.9,71.6,39
MDR00274,4,SKI,60.4,43.8,36
MDR00274,4,Quran-Hadis,59.5,55.4,37
MDR00274,4,Bahasa Arab,62.2,60.7,30
MDR00274,5,Akidah-Akhlak,67.2,69.5,31
MDR00274,5,Fikih,63.9,59.8,30
MDR00274,5,SKI,61.6,55.3,37
MDR00274,5,Quran-Hadis,66.7,61.1,39
MDR00274,5,Bahasa Arab,57.8,44.7,35
MDR00274,6,Akidah-Akhlak,63.4,56.1,34
MDR00274,6,Fikih,64.9,70.1,31
MDR00274,6,SKI,59.5,49.1,38
MDR00274,6,Quran-Hadis,64.5,68.7,30
MDR00274,6,Bahasa Arab,57.2,51.0,32
MDR00275,10,Akidah-Akhlak,75.3,92.6,18
MDR00275,10,Fikih,78.4,100,18
MDR00275,10,SKI,73.8,83.5,15
MDR00275,10,Quran-Hadis,82.7,95.9,16
MDR00275,10,Bahasa Arab,73.1,81.7,15
MDR00275,11,Akidah-Akhlak,75.3,90.7,15
MDR00275,11,Fikih,80.8,91.8,15
MDR00275,11,SKI,75.3,86.3,15
MDR00275,11,Quran-Hadis,82.1,100,16
MDR00275,11,Bahasa Arab,81.5,100,15
MDR00275,12,Akidah-Akhlak,75.4,84.8,17
MDR00275,12,Fikih,75.5,89.0,15
MDR00275,12,SKI,79.3,100,17
MDR00275,12,Quran-Hadis,82.0,97.3,13
MDR00275,12,Bahasa Arab,83.4,100,15
MDR00276,1,Akidah-Akhlak,83.7,100,54
MDR00276,1,Fikih,80.6,100,55
MDR00276,1,SKI,85.2,100,59
MDR00276,1,Quran-Hadis,85.4,100,62
MDR00276,1,Bahasa Arab,91.3,100,55
MDR00276,2,Akidah-Akhlak,87.4,100,67
MDR00276,2,Fikih,80.8,100,65
MDR00276,2,SKI,83.4,100,68
MDR00276,2,Quran-Hadis,83.0,100,56
MDR00276,2,Bahasa Arab,89.3,100,70
MDR00276,3,Akidah-Akhlak,85.9,100,67
MDR00276,3,Fikih,86.6,100,54
MDR00276,3,SKI,81.1,100,65
MDR00276,3,Quran-Hadis,86.6,100,60
MDR00276,3,Bahasa Arab,77.5,86.7,54
MDR00276,4,Akidah-Akhlak,83.2,100,57
MDR00276,4,Fikih,81.9,100,55
MDR00276,4,SKI,80.6,100,69
MDR00276,4,Quran-Hadis,82.0,100,69
MDR00276,4,Bahasa Arab,85.3,100,53
MDR00276,5,Akidah-Akhlak,85.3,100,61
MDR00276,5,Fikih,82.1,100,60
MDR00276,5,SKI,85.5,100,56
MDR00276,5,Quran-Hadis,80.1,96.3,64
MDR00276,5,Bahasa Arab,80.4,92.7,67
MDR00276,6,Akidah-Akhlak,83.9,100,58
MDR00276,6,Fikih,80.1,90.5,58
MDR00276,6,SKI,80.5,100,56
MDR00276,6,Quran-Hadis,87.0,100,69
MDR00276,6,Bahasa Arab,81.5,99.9,57
MDR00277,1,Akidah-Akhlak,66.1,61.9,6
MDR00277,1,Fikih,65.3,65.3,6
MDR00277,1,SKI,61.5,57.0,7
MDR00277,1,Quran-Hadis,67.0,67.9,8
MDR00277,1,Bahasa Arab,63.0,61.0,8
MDR00277,2,Akidah-Akhlak,68.6,81.4,7
MDR00277,2,Fikih,64.1,56.3,7
MDR00277,2,SKI,63.0,45.8,8
MDR00277,2,Quran-Hadis,61.5,51.9,7
MDR00277,2,Bahasa Arab,61.9,61.9,7
MDR00277,3,Akidah-Akhlak,61.9,43.2,7
MDR00277,3,Fikih,65.7,66.1,7
MDR00277,3,SKI,62.0,55.6,8
MDR00277,3,Quran-Hadis,70.0,79.6,8
MDR00277,3,Bahasa Arab,62.2,54.8,7
MDR00277,4,Akidah-Akhlak,67.2,76.3,6
MDR00277,4,Fikih,65.3,61.8,7
MDR00277,4,SKI,62.6,50.3,7
MDR00277,4,Quran-Hadis,68.4,72.8,7
MDR00277,4,Bahasa Arab,62.5,53.9,7
MDR00277,5,Akidah-Akhlak,62.0,56.4,6
MDR00277,5,Fikih,67.4,67.4,7
MDR00277,5,SKI,56.3,39.5,6
MDR00277,5,Quran-Hadis,60.6,59.5,7
MDR00277,5,Bahasa Arab,63.7,67.6,7
MDR00277,6,Akidah-Akhlak,61.6,58.1,7
MDR00277,6,Fikih,59.2,45.2,8
MDR00277,6,SKI,62.8,52.2,8
MDR00277,6,Quran-Hadis,65.8,66.7,8
MDR00277,6,Bahasa Arab,63.2,63.4,8
MDR00278,1,Akidah-Akhlak,77.4,90.0,6
MDR00278,1,Fikih,76.7,86.2,5
MDR00278,1,SKI,69.0,64.3,5
MDR00278,1,Quran-Hadis,72.8,80.6,5
MDR00278,1,Bahasa Arab,72.2,80.2,5
MDR00278,2,Akidah-Akhlak,71.2,78.2,5
MDR00278,2,Fikih,70.7,77.0,5
MDR00278,2,SKI,69.7,71.5,5
MDR00278,2,Quran-Hadis,78.0,92.6,5
MDR00278,2,Bahasa Arab,71.2,76.9,5
MDR00278,3,Akidah-Akhlak,77.2,95.8,6
MDR00278,3,Fikih,72.2,80.9,5
MDR00278,3,SKI,72.9,81.2,5
MDR00278,3,Quran-Hadis,69.4,72.4,5
MDR00278,3,Bahasa Arab,75.1,92.6,5
MDR00278,4,Akidah-Akhlak,72.3,82.3,5
MDR00278,4,Fikih,78.9,94.8,5
MDR00278,4,SKI,75.5,90.8,6
MDR00278,4,Quran-Hadis,75.8,93.5,5
MDR00278,4,Bahasa Arab,76.2,94.6,6
MDR00278,5,Akidah-Akhlak,71.4,76.6,5
MDR00278,5,Fikih,66.4,66.6,6
MDR00278,5,SKI,67.2,65.9,5
MDR00278,5,Quran-Hadis,74.8,89.2,6
MDR00278,5,Bahasa Arab,73.7,87.0,6
MDR00278,6,Akidah-Akhlak,73.6,88.8,5
MDR00278,6,Fikih,75.1,90.4,6
MDR00278,6,SKI,73.6,73.1,6
MDR00278,6,Quran-Hadis,75.5,94.5,5
MDR00278,6,Bahasa Arab,74.1,93.2,6
MDR00279,1,Akidah-Akhlak,77.1,90.4,42
MDR00279,1,Fikih,72.1,71.2,41
MDR00279,1,SKI,68.4,68.8,50
MDR00279,1,Quran-Hadis,70.2,82.1,48
MDR00279,1,Bahasa Arab,68.1,61.0,43
MDR00279,2,Akidah-Akhlak,67.3,74.4,41
MDR00279,2,Fikih,73.0,72.7,41
MDR00279,2,SKI,71.3,79.3,44
MDR00279,2,Quran-Hadis,76.8,94.1,50
MDR00279,2,Bahasa Arab,70.3,72.5,52
MDR00279,3,Akidah-Akhlak,71.2,77.4,46
MDR00279,3,Fikih,68.6,65.5,48
MDR00279,3,SKI,64.4,64.4,51
MDR00279,3,Quran-Hadis,71.6,85.4,46
MDR00279,3,Bahasa Arab,69.2,77.8,53
MDR00279,4,Akidah-Akhlak,66.0,63.5,48
MDR00279,4,Fikih,66.1,58.0,42
MDR00279,4,SKI,72.8,83.2,46
MDR00279,4,Quran-Hadis,68.5,65.4,46
MDR00279,4,Bahasa Arab,66.6,56.8,41
MDR00279,5,Akidah-Akhlak,69.8,79.9,40
MDR00279,5,Fikih,72.4,80.0,44
MDR00279,5,SKI,61.7,62.4,52
MDR00279,5,Quran-Hadis,71.5,75.2,48
MDR00279,5,Bahasa Arab,67.4,70.4,44
MDR00279,6,Akidah-Akhlak,73.6,74.5,51
MDR00279,6,Fikih,70.7,77.1,51
MDR00279,6,SKI,61.8,55.7,46
MDR00279,6,Quran-Hadis,67.5,69.6,50
MDR00279,6,Bahasa Arab,72.8,79.8,45
MDR00280,7,Akidah-Akhlak,65.6,57.6,53
MDR00280,7,Fikih,68.0,75.9,55
MDR00280,7,SKI,59.9,47.8,61
MDR00280,7,Quran-Hadis,69.8,73.3,56
MDR00280,7,Bahasa Arab,68.3,76.0,53
MDR00280,8,Akidah-Akhlak,73.4,83.7,60
MDR00280,8,Fikih,66.1,65.0,51
MDR00280,8,SKI,66.4,72.5,64
MDR00280,8,Quran-Hadis,68.7,75.0,56
MDR00280,8,Bahasa Arab,73.2,83.1,54
MDR00280,9,Akidah-Akhlak,70.3,76.3,58
MDR00280,9,Fikih,68.7,65.5,60
MDR00280,9,SKI,70.0,70.2,54
MDR00280,9,Quran-Hadis,69.7,71.8,60
MDR00280,9,Bahasa Arab,69.1,79.3,62
MDR00281,1,Akidah-Akhlak,75.1,80.7,11
MDR00281,1,Fikih,71.0,77.3,12
MDR00281,1,SKI,74.5,78.5,12
MDR00281,1,Quran-Hadis,72.7,79.1,12
MDR00281,1,Bahasa Arab,76.6,99.6,12
MDR00281,2,Akidah-Akhlak,75.9,85.6,12
MDR00281,2,Fikih,72.1,76.4,11
MDR00281,2,SKI,72.0,77.5,10
MDR00281,2,Quran-Hadis,72.8,85.2,11
MDR00281,2,Bahasa Arab,72.6,80.7,13
MDR00281,3,Akidah-Akhlak,76.3,89.1,13
MDR00281,3,Fikih,72.2,82.0,10
MDR00281,3,SKI,68.6,78.2,11
MDR00281,3,Quran-Hadis,78.7,96.6,12
MDR00281,3,Bahasa Arab,71.0,76.3,12
MDR00281,4,Akidah-Akhlak,75.8,95.0,11
MDR00281,4,Fikih,75.0,86.0,11
MDR00281,4,SKI,70.0,80.2,13
MDR00281,4,Quran-Hadis,72.6,75.8,11
MDR00281,4,Bahasa Arab,70.9,81.8,10
MDR00281,5,Akidah-Akhlak,72.7,79.3,12
MDR00281,5,Fikih,74.1,87.2,11
MDR00281,5,SKI,69.4,73.1,12
MDR00281,5,Quran-Hadis,73.5,87.2,13
MDR00281,5,Bahasa Arab,70.3,76.8,12
MDR00281,6,Akidah-Akhlak,70.3,77.5,12
MDR00281,6,Fikih,74.3,86.1,13
MDR00281,6,SKI,75.4,84.5,10
MDR00281,6,Quran-Hadis,75.2,96.9,11
MDR00281,6,Bahasa Arab,70.8,74.3,12
MDR00282,7,Akidah-Akhlak,65.7,63.2,126
MDR00282,7,Fikih,68.1,70.0,102
MDR00282,7,SKI,71.8,83.4,99
MDR00282,7,Quran-Hadis,73.6,83.4,126
MDR00282,7,Bahasa Arab,76.7,83.8,99
MDR00282,8,Akidah-Akhlak,67.2,72.1,114
MDR00282,8,Fikih,73.6,79.6,125
MDR00282,8,SKI,73.7,88.0,106
MDR00282,8,Quran-Hadis,72.6,79.5,128
MDR00282,8,Bahasa Arab,68.0,77.2,98
MDR00282,9,Akidah-Akhlak,76.5,90.3,112
MDR00282,9,Fikih,72.4,74.3,109
MDR00282,9,SKI,65.7,71.0,107
MDR00282,9,Quran-Hadis,68.1,68.3,111
MDR00282,9,Bahasa Arab,73.0,80.2,114
MDR00283,10,Akidah-Akhlak,90.0,100,68
MDR00283,10,Fikih,92.5,100,82
MDR00283,10,SKI,90.9,100,86
MDR00283,10,Quran-Hadis,90.2,100,80
MDR00283,10,Bahasa Arab,91.0,100,67
MDR00283,11,Akidah-Akhlak,96.5,100,74
MDR00283,11,Fikih,92.5,100,74
MDR00283,11,SKI,94.8,100,66
MDR00283,11,Quran-Hadis,95.5,100,73
MDR00283,11,Bahasa Arab,87.7,100,72
MDR00283,12,Akidah-Akhlak,94.1,100,81
MDR00283,12,Fikih,95.3,100,80
MDR00283,12,SKI,93.8,100,79
MDR00283,12,Quran-Hadis,96.5,100,72
MDR00283,12,Bahasa Arab,93.5,100,88
MDR00284,1,Akidah-Akhlak,57.3,37.3,38
MDR00284,1,Fikih,59.4,46.1,37
MDR00284,1,SKI,56.8,50.1,34
MDR00284,1,Quran-Hadis,55.6,39.0,35
MDR00284,1,Bahasa Arab,53.5,33.8,35
MDR00284,2,Akidah-Akhlak,59.1,56.0,38
MDR00284,2,Fikih,58.6,54.4,36
MDR00284,2,SKI,53.8,32.6,36
MDR00284,2,Quran-Hadis,63.0,56.8,33
MDR00284,2,Bahasa Arab,59.7,48.8,41
MDR00284,3,Akidah-Akhlak,55.5,35.9,37
MDR00284,3,Fikih,58.4,52.3,33
MDR00284,3,SKI,53.2,34.3,35
MDR00284,3,Quran-Hadis,57.0,48.7,42
MDR00284,3,Bahasa Arab,56.7,42.9,42
MDR00284,4,Akidah-Akhlak,58.2,45.2,40
MDR00284,4,Fikih,54.2,35.1,33
MDR00284,4,SKI,58.0,36.8,39
MDR00284,4,Quran-Hadis,59.1,47.5,34
MDR00284,4,Bahasa Arab,56.9,46.2,39
MDR00284,5,Akidah-Akhlak,60.4,61.4,38
MDR00284,5,Fikih,55.5,42.9,32
MDR00284,5,SKI,56.1,40.9,36
MDR00284,5,Quran-Hadis,58.4,37.2,42
MDR00284,5,Bahasa Arab,53.8,38.7,39
MDR00284,6,Akidah-Akhlak,60.3,61.5,42
MDR00284,6,Fikih,57.3,56.3,42
MDR00284,6,SKI,58.6,43.6,34
MDR00284,6,Quran-Hadis,58.4,45.9,41
MDR00284,6,Bahasa Arab,59.7,44.8,34
MDR00285,1,Akidah-Akhlak,62.9,63.2,13
MDR00285,1,Fikih,66.7,63.4,13
MDR00285,1,SKI,64.5,58.5,14
MDR00285,1,Quran-Hadis,64.9,56.8,14
MDR00285,1,Bahasa Arab,65.2,58.2,12
MDR00285,2,Akidah-Akhlak,69.0,75.8,15
MDR00285,2,Fikih,66.6,68.5,14
MDR00285,2,SKI,67.7,69.0,15
MDR00285,2,Quran-Hadis,71.6,76.0,13
MDR00285,2,Bahasa Arab,68.5,78.8,14
MDR00285,3,Akidah-Akhlak,66.5,58.0,14
MDR00285,3,Fikih,70.8,83.1,14
MDR00285,3,SKI,63.6,60.7,14
MDR00285,3,Quran-Hadis,65.7,56.6,16
MDR00285,3,Bahasa Arab,65.6,60.5,14
MDR00285,4,Akidah-Akhlak,72.5,85.0,13
MDR00285,4,Fikih,72.2,85.1,13
MDR00285,4,SKI,69.7,61.6,13
MDR00285,4,Quran-Hadis,72.8,80.2,17
MDR00285,4,Bahasa Arab,64.5,55.8,17
MDR00285,5,Akidah-Akhlak,64.3,51.7,15
MDR00285,5,Fikih,69.3,72.1,14
MDR00285,5,SKI,64.3,62.0,14
MDR00285,5,Quran-Hadis,67.3,60.8,14
MDR00285,5,Bahasa Arab,66.5,65.9,12
MDR00285,6,Akidah-Akhlak,70.9,73.9,14
MDR00285,6,Fikih,66.0,61.7,13
MDR00285,6,SKI,65.4,60.6,14
MDR00285,6,Quran-Hadis,71.3,83.4,16
MDR00285,6,Bahasa Arab,69.6,70.0,13
MDR00286,1,Akidah-Akhlak,64.4,59.7,61
MDR00286,1,Fikih,62.8,51.5,50
MDR00286,1,SKI,63.2,61.1,64
MDR00286,1,Quran-Hadis,61.0,44.6,65
MDR00286,1,Bahasa Arab,64.7,56.5,62
MDR00286,2,Akidah-Akhlak,63.5,60.3,57
MDR00286,2,Fikih,66.3,66.7,67
MDR00286,2,SKI,60.5,50.2,53
MDR00286,2,Quran-Hadis,62.7,56.5,52
MDR00286,2,Bahasa Arab,61.9,52.1,66
MDR00286,3,Akidah-Akhlak,64.3,59.9,56
MDR00286,3,Fikih,60.5,49.9,59
MDR00286,3,SKI,60.2,56.3,60
MDR00286,3,Quran-Hadis,64.2,55.8,67
MDR00286,3,Bahasa Arab,63.7,59.9,66
MDR00286,4,Akidah-Akhlak,65.6,65.9,51
MDR00286,4,Fikih,59.0,45.1,61
MDR00286,4,SKI,63.1,62.3,63
MDR00286,4,Quran-Hadis,64.0,49.6,63
MDR00286,4,Bahasa Arab,60.9,57.7,57
MDR00286,5,Akidah-Akhlak,63.0,59.1,53
MDR00286,5,Fikih,59.3,50.9,59
MDR00286,5,SKI,58.4,51.6,63
MDR00286,5,Quran-Hadis,64.3,62.2,60
MDR00286,5,Bahasa Arab,64.1,64.0,58
MDR00286,6,Akidah-Akhlak,62.9,56.9,66
MDR00286,6,Fikih,62.5,61.8,53
MDR00286,6,SKI,61.0,56.6,59
MDR00286,6,Quran-Hadis,61.9,53.1,66
MDR00286,6,Bahasa Arab,67.5,77.5,57
MDR00287,7,Akidah-Akhlak,70.1,85.2,79
MDR00287,7,Fikih,74.4,80.7,80
MDR00287,7,SKI,67.1,71.0,74
MDR00287,7,Quran-Hadis,81.0,100,66
MDR00287,7,Bahasa Arab,71.2,75.8,79
MDR00287,8,Akidah-Akhlak,72.1,80.6,69
MDR00287,8,Fikih,73.2,79.0,70
MDR00287,8,SKI,75.0,82.1,81
MDR00287,8,Quran-Hadis,78.8,100,80
MDR00287,8,Bahasa Arab,71.5,79.8,80
MDR00287,9,Akidah-Akhlak,75.3,86.5,78
MDR00287,9,Fikih,67.7,77.0,87
MDR00287,9,SKI,75.9,98.9,70
MDR00287,9,Quran-Hadis,75.2,94.1,68
MDR00287,9,Bahasa Arab,70.5,80.1,73
MDR00288,1,Akidah-Akhlak,67.1,75.0,22
MDR00288,1,Fikih,72.8,84.5,24
MDR00288,1,SKI,64.2,54.5,21
MDR00288,1,Quran-Hadis,70.0,78.8,22
MDR00288,1,Bahasa Arab,66.7,62.9,23
MDR00288,2,Akidah-Akhlak,68.6,80.2,19
MDR00288,2,Fikih,66.7,67.0,24
MDR00288,2,SKI,71.8,79.4,24
MDR00288,2,Quran-Hadis,66.4,63.3,26
MDR00288,2,Bahasa Arab,67.8,75.1,19
MDR00288,3,Akidah-Akhlak,68.5,73.6,24
MDR00288,3,Fikih,70.9,79.7,22
MDR00288,3,SKI,68.8,70.9,23
MDR00288,3,Quran-Hadis,67.6,69.4,23
MDR00288,3,Bahasa Arab,64.4,65.6,23
MDR00288,4,Akidah-Akhlak,66.7,66.4,22
MDR00288,4,Fikih,72.9,79.6,25
MDR00288,4,SKI,63.4,57.9,22
MDR00288,4,Quran-Hadis,72.5,85.3,22
MDR00288,4,Bahasa Arab,66.1,63.4,26
MDR00288,5,Akidah-Akhlak,71.1,81.7,23
MDR00288,5,Fikih,67.7,73.9,21
MDR00288,5,SKI,67.2,65.7,25
MDR00288,5,Quran-Hadis,67.9,71.8,25
MDR00288,5,Bahasa Arab,71.5,80.5,20
MDR00288,6,Akidah-Akhlak,67.3,70.3,20
MDR00288,6,Fikih,74.7,86.0,22
MDR00288,6,SKI,67.7,72.8,23
MDR00288,6,Quran-Hadis,66.0,63.6,22
MDR00288,6,Bahasa Arab,67.2,73.8,25
MDR00289,10,Akidah-Akhlak,75.9,86.6,61
MDR00289,10,Fikih,79.2,100,65
MDR00289,10,SKI,72.3,76.9,61
MDR00289,10,Quran-Hadis,79.4,100,63
MDR00289,10,Bahasa Arab,74.1,82.4,67
MDR00289,11,Akidah-Akhlak,80.7,100,72
MDR00289,11,Fikih,76.0,88.4,66
MDR00289,11,SKI,75.4,93.4,66
MDR00289,11,Quran-Hadis,73.6,81.2,65
MDR00289,11,Bahasa Arab,79.5,96.0,68
MDR00289,12,Akidah-Akhlak,80.1,100,59
MDR00289,12,Fikih,72.3,76.4,67
MDR00289,12,SKI,75.0,84.7,58
MDR00289,12,Quran-Hadis,76.2,84.1,64
MDR00289,12,Bahasa Arab,75.9,87.1,71
MDR00290,1,Akidah-Akhlak,91.2,100,36
MDR00290,1,Fikih,84.1,100,49
MDR00290,1,SKI,87.7,100,36
MDR00290,1,Quran-Hadis,88.0,100,43
MDR00290,1,Bahasa Arab,94.4,100,47
MDR00290,2,Akidah-Akhlak,89.1,100,39
MDR00290,2,Fikih,88.4,100,45
MDR00290,2,SKI,86.4,100,43
MDR00290,2,Quran-Hadis,84.9,100,43
MDR00290,2,Bahasa Arab,88.9,100,47
MDR00290,3,Akidah-Akhlak,89.6,100,36
MDR00290,3,Fikih,84.8,100,47
MDR00290,3,SKI,89.5,100,47
MDR00290,3,Quran-Hadis,85.3,100,39
MDR00290,3,Bahasa Arab,91.4,100,38
MDR00290,4,Akidah-Akhlak,83.6,100,42
MDR00290,4,Fikih,91.4,100,38
MDR00290,4,SKI,79.2,97.7,42
MDR00290,4,Quran-Hadis,83.5,100,48
MDR00290,4,Bahasa Arab,86.3,100,37
MDR00290,5,Akidah-Akhlak,97.4,100,49
MDR00290,5,Fikih,88.0,100,44
MDR00290,5,SKI,84.8,100,44
MDR00290,5,Quran-Hadis,87.3,100,40
MDR00290,5,Bahasa Arab,88.1,100,42
MDR00290,6,Akidah-Akhlak,88.5,100,49
MDR00290,6,Fikih,89.2,100,41
MDR00290,6,SKI,85.4,100,42
MDR00290,6,Quran-Hadis,86.9,100,42
MDR00290,6,Bahasa Arab,90.6,100,45
MDR00291,1,Akidah-Akhlak,77.8,96.7,47
MDR00291,1,Fikih,72.6,88.8,44
MDR00291,1,SKI,70.9,74.6,40
MDR00291,1,Quran-Hadis,71.2,78.5,49
MDR00291,1,Bahasa Arab,75.7,91.9,45
MDR00291,2,Akidah-Akhlak,71.3,81.3,40
MDR00291,2,Fikih,73.6,83.0,47
MDR00291,2,SKI,70.9,71.3,47
MDR00291,2,Quran-Hadis,79.9,100,44
MDR00291,2,Bahasa Arab,71.5,76.8,52
MDR00291,3,Akidah-Akhlak,74.2,80.2,51
MDR00291,3,Fikih,75.2,87.4,48
MDR00291,3,SKI,69.6,76.0,44
MDR00291,3,Quran-Hadis,74.7,88.4,53
MDR00291,3,Bahasa Arab,73.5,85.7,47
MDR00291,4,Akidah-Akhlak,69.5,67.8,48
MDR00291,4,Fikih,72.6,83.1,40
MDR00291,4,SKI,69.0,74.2,52
MDR00291,4,Quran-Hadis,79.4,89.6,52
MDR00291,4,Bahasa Arab,72.0,76.7,45
MDR00291,5,Akidah-Akhlak,77.1,89.1,46
MDR00291,5,Fikih,72.9,82.9,51
MDR00291,5,SKI,67.3,65.5,42
MDR00291,5,Quran-Hadis,77.1,100,49
MDR00291,5,Bahasa Arab,76.8,85.3,51
MDR00291,6,Akidah-Akhlak,74.3,87.8,48
MDR00291,6,Fikih,73.4,81.0,41
MDR00291,6,SKI,72.2,84.6,40
MDR00291,6,Quran-Hadis,69.4,71.6,53
MDR00291,6,Bahasa Arab,73.5,82.2,45
MDR00292,10,Akidah-Akhlak,65.3,63.6,41
MDR00292,10,Fikih,67.6,67.1,37
MDR00292,10,SKI,71.1,70.5,34
MDR00292,10,Quran-Hadis,70.7,79.2,43
MDR00292,10,Bahasa Arab,68.8,79.1,37
MDR00292,11,Akidah-Akhlak,69.8,72.5,43
MDR00292,11,Fikih,64.9,65.6,38
MDR00292,11,SKI,62.0,47.5,41
MDR00292,11,Quran-Hadis,65.0,62.0,34
MDR00292,11,Bahasa Arab,70.8,69.8,42
MDR00292,12,Akidah-Akhlak,70.6,68.0,44
MDR00292,12,Fikih,66.8,66.8,40
MDR00292,12,SKI,65.5,68.2,36
MDR00292,12,Quran-Hadis,68.9,70.1,35
MDR00292,12,Bahasa Arab,67.6,81.1,38
MDR00293,1,Akidah-Akhlak,82.2,100,48
MDR00293,1,Fikih,81.2,100,41
MDR00293,1,SKI,76.0,83.1,51
MDR00293,1,Quran-Hadis,78.1,92.2,47
MDR00293,1,Bahasa Arab,80.4,100,48
MDR00293,2,Akidah-Akhlak,74.1,85.9,47
MDR00293,2,Fikih,77.8,94.7,46
MDR00293,2,SKI,78.2,88.2,44
MDR00293,2,Quran-Hadis,77.0,92.0,53
MDR00293,2,Bahasa Arab,71.9,77.9,44
MDR00293,3,Akidah-Akhlak,80.8,100,53
MDR00293,3,Fikih,75.7,87.2,54
MDR00293,3,SKI,77.5,88.8,54
MDR00293,3,Quran-Hadis,78.7,94.9,49
MDR00293,3,Bahasa Arab,81.6,100,51
MDR00293,4,Akidah-Akhlak,74.5,90.4,46
MDR00293,4,Fikih,76.6,84.0,50
MDR00293,4,SKI,75.8,87.6,45
MDR00293,4,Quran-Hadis,77.2,92.8,48
MDR00293,4,Bahasa Arab,80.7,93.3,43
MDR00293,5,Akidah-Akhlak,79.3,100,45
MDR00293,5,Fikih,79.0,100,54
MDR00293,5,SKI,74.5,84.8,50
MDR00293,5,Quran-Hadis,73.7,87.0,43
MDR00293,5,Bahasa Arab,75.8,84.6,52
MDR00293,6,Akidah-Akhlak,78.7,100,44
MDR00293,6,Fikih,76.9,92.0,43
MDR00293,6,SKI,81.8,100,48
MDR00293,6,Quran-Hadis,77.9,93.9,42
MDR00293,6,Bahasa Arab,72.5,76.9,46
MDR00294,7,Akidah-Akhlak,62.9,52.3,102
MDR00294,7,Fikih,68.1,77.2,85
MDR00294,7,SKI,60.3,47.7,79
MDR00294,7,Quran-Hadis,61.8,46.9,97
MDR00294,7,Bahasa Arab,60.0,54.8,82
MDR00294,8,Akidah-Akhlak,62.7,55.2,84
MDR00294,8,Fikih,62.3,59.4,92
MDR00294,8,SKI,64.5,69.8,82
MDR00294,8,Quran-Hadis,72.1,73.5,95
MDR00294,8,Bahasa Arab,61.9,60.3,103
MDR00294,9,Akidah-Akhlak,65.2,61.4,99
MDR00294,9,Fikih,66.0,65.5,89
MDR00294,9,SKI,59.8,57.6,87
MDR00294,9,Quran-Hadis,58.7,48.2,97
MDR00294,9,Bahasa Arab,68.1,76.0,104
MDR00295,10,Akidah-Akhlak,72.9,85.7,55
MDR00295,10,Fikih,73.4,77.3,48
MDR00295,10,SKI,68.5,67.0,48
MDR00295,10,Quran-Hadis,76.5,90.3,46
MDR00295,10,Bahasa Arab,68.3,71.0,49
MDR00295,11,Akidah-Akhlak,77.8,95.1,44
MDR00295,11,Fikih,78.8,99.0,44
MDR00295,11,SKI,75.9,96.5,46
MDR00295,11,Quran-Hadis,77.8,94.4,44
MDR00295,11,Bahasa Arab,72.5,75.6,44
MDR00295,12,Akidah-Akhlak,79.2,99.0,44
MDR00295,12,Fikih,70.2,78.5,55
MDR00295,12,SKI,78.3,99.5,56
MDR00295,12,Quran-Hadis,72.1,79.7,49
MDR00295,12,Bahasa Arab,74.4,83.6,51
MDR00296,10,Akidah-Akhlak,66.7,62.3,37
MDR00296,10,Fikih,73.1,80.1,35
MDR00296,10,SKI,62.5,54.7,34
MDR00296,10,Quran-Hadis,65.1,59.1,29
MDR00296,10,Bahasa Arab,62.1,57.9,33
MDR00296,11,Akidah-Akhlak,63.7,56.3,38
MDR00296,11,Fikih,67.1,71.3,33
MDR00296,11,SKI,64.4,56.2,36
MDR00296,11,Quran-Hadis,70.5,76.2,36
MDR00296,11,Bahasa Arab,66.3,65.5,32
MDR00296,12,Akidah-Akhlak,62.4,54.8,35
MDR00296,12,Fikih,63.7,56.7,31
MDR00296,12,SKI,66.9,61.3,35
MDR00296,12,Quran-Hadis,65.0,67.3,31
MDR00296,12,Bahasa Arab,64.0,58.8,35
MDR00297,1,Akidah-Akhlak,76.8,99.5,18
MDR00297,1,Fikih,78.8,99.9,21
MDR00297,1,SKI,71.1,67.9,19
MDR00297,1,Quran-Hadis,74.8,93.9,24
MDR00297,1,Bahasa Arab,73.2,77.5,21
MDR00297,2,Akidah-Akhlak,78.2,99.0,19
MDR00297,2,Fikih,79.0,100,24
MDR00297,2,SKI,74.0,83.9,23
MDR00297,2,Quran-Hadis,77.6,96.5,20
MDR00297,2,Bahasa Arab,81.6,100,21
MDR00297,3,Akidah-Akhlak,81.2,100,22
MDR00297,3,Fikih,78.4,96.1,18
MDR00297,3,SKI,77.3,88.8,18
MDR00297,3,Quran-Hadis,78.7,100,24
MDR00297,3,Bahasa Arab,80.2,98.8,24
MDR00297,4,Akidah-Akhlak,80.2,100,24
MDR00297,4,Fikih,80.4,97.5,20
MDR00297,4,SKI,80.4,100,23
MDR00297,4,Quran-Hadis,79.8,98.3,22
MDR00297,4,Bahasa Arab,74.4,84.5,20
MDR00297,5,Akidah-Akhlak,79.6,97.9,19
MDR00297,5,Fikih,70.3,75.9,24
MDR00297,5,SKI,78.5,100,22
MDR00297,5,Quran-Hadis,80.5,93.5,19
MDR00297,5,Bahasa Arab,77.6,94.7,19
MDR00297,6,Akidah-Akhlak,84.4,100,18
MDR00297,6,Fikih,78.8,96.8,21
MDR00297,6,SKI,73.6,88.6,24
MDR00297,6,Quran-Hadis,82.5,100,24
MDR00297,6,Bahasa Arab,76.2,87.0,21
MDR00298,1,Akidah-Akhlak,73.5,94.0,54
MDR00298,1,Fikih,72.9,78.7,41
MDR00298,1,SKI,70.7,80.1,50
MDR00298,1,Quran-Hadis,76.9,99.1,42
MDR00298,1,Bahasa Arab,72.4,85.5,55
MDR00298,2,Akidah-Akhlak,73.1,86.6,53
MDR00298,2,Fikih,73.6,93.0,49
MDR00298,2,SKI,71.8,78.8,55
MDR00298,2,Quran-Hadis,75.2,93.8,52
MDR00298,2,Bahasa Arab,71.2,84.0,43
MDR00298,3,Akidah-Akhlak,68.1,75.8,54
MDR00298,3,Fikih,75.2,87.1,43
MDR00298,3,SKI,77.0,91.9,52
MDR00298,3,Quran-Hadis,75.6,85.9,44
MDR00298,3,Bahasa Arab,67.4,67.4,43
MDR00298,4,Akidah-Akhlak,80.3,100,52
MDR00298,4,Fikih,78.3,98.3,55
MDR00298,4,SKI,76.6,96.7,53
MDR00298,4,Quran-Hadis,72.5,77.7,42
MDR00298,4,Bahasa Arab,77.8,92.8,55
MDR00298,5,Akidah-Akhlak,73.2,87.7,50
MDR00298,5,Fikih,74.1,83.2,41
MDR00298,5,SKI,67.8,58.1,41
MDR00298,5,Quran-Hadis,78.6,100,48
MDR00298,5,Bahasa Arab,70.7,76.5,51
MDR00298,6,Akidah-Akhlak,77.3,87.0,47
MDR00298,6,Fikih,76.8,100,48
MDR00298,6,SKI,76.5,94.0,50
MDR00298,6,Quran-Hadis,77.3,86.5,48
MDR00298,6,Bahasa Arab,69.1,66.8,52
MDR00299,1,Akidah-Akhlak,85.3,100,31
MDR00299,1,Fikih,78.9,100,37
MDR00299,1,SKI,74.7,90.5,29
MDR00299,1,Quran-Hadis,78.8,92.1,31
MDR00299,1,Bahasa Arab,77.6,91.7,37
MDR00299,2,Akidah-Akhlak,81.7,100,37
MDR00299,2,Fikih,80.4,100.0,30
MDR00299,2,SKI,77.3,99.1,36
MDR00299,2,Quran-Hadis,77.7,94.1,33
MDR00299,2,Bahasa Arab,82.1,100,33
MDR00299,3,Akidah-Akhlak,80.7,99.7,32
MDR00299,3,Fikih,77.0,89.2,33
MDR00299,3,SKI,75.3,87.2,34
MDR00299,3,Quran-Hadis,77.9,97.1,34
MDR00299,3,Bahasa Arab,74.2,83.7,32
MDR00299,4,Akidah-Akhlak,73.4,84.0,38
MDR00299,4,Fikih,80.4,100,35
MDR00299,4,SKI,79.9,95.4,31
MDR00299,4,Quran-Hadis,74.9,81.5,34
MDR00299,4,Bahasa Arab,76.0,83.8,31
MDR00299,5,Akidah-Akhlak,77.6,93.4,31
MDR00299,5,Fikih,79.1,100,29
MDR00299,5,SKI,76.9,94.1,34
MDR00299,5,Quran-Hadis,80.3,100,29
MDR00299,5,Bahasa Arab,78.5,100,35
MDR00299,6,Akidah-Akhlak,77.9,97.2,31
MDR00299,6,Fikih,76.2,91.8,37
MDR00299,6,SKI,79.6,100,38
MDR00299,6,Quran-Hadis,75.9,90.0,32
MDR00299,6,Bahasa Arab,75.9,100,33
MDR00300,1,Akidah-Akhlak,62.8,55.1,41
MDR00300,1,Fikih,65.1,65.0,35
MDR00300,1,SKI,64.0,60.6,39
MDR00300,1,Quran-Hadis,68.1,62.1,36
MDR00300,1,Bahasa Arab,64.4,48.9,46
MDR00300,2,Akidah-Akhlak,67.7,67.4,39
MDR00300,2,Fikih,67.2,64.6,47
MDR00300,2,SKI,63.2,60.7,37
MDR00300,2,Quran-Hadis,68.1,73.6,39
MDR00300,2,Bahasa Arab,70.7,72.3,38
MDR00300,3,Akidah-Akhlak,67.4,72.2,47
MDR00300,3,Fikih,62.4,57.6,36
MDR00300,3,SKI,69.1,73.4,46
MDR00300,3,Quran-Hadis,63.9,65.3,47
MDR00300,3,Bahasa Arab,64.2,64.7,37
MDR00300,4,Akidah-Akhlak,66.3,60.4,40
MDR00300,4,Fikih,68.1,63.1,46
MDR00300,4,SKI,65.3,61.4,36
MDR00300,4,Quran-Hadis,67.2,72.3,45
MDR00300,4,Bahasa Arab,68.6,67.9,45
MDR00300,5,Akidah-Akhlak,60.4,48.1,42
MDR00300,5,Fikih,70.6,85.3,38
MDR00300,5,SKI,62.0,56.5,44
MDR00300,5,Quran-Hadis,65.9,72.3,47
MDR00300,5,Bahasa Arab,62.6,56.4,46
MDR00300,6,Akidah-Akhlak,60.9,49.8,48
MDR00300,6,Fikih,67.4,69.0,38
MDR00300,6,SKI,65.2,68.6,39
MDR00300,6,Quran-Hadis,61.2,57.3,40
MDR00300,6,Bahasa Arab,61.7,50.6,46
